reciter,surah,ayah,start,end,lead_silence,trail_silence,source_url,sha256
Minshawy_Murattal_128kbps,1,1,0,4.963265,0.5436,0.3922,https://everyayah.com/data/Minshawy_Murattal_128kbps/001001.mp3,7a762d2da25b7440adbbbe0a7f81724c4eb2857f4df72c3f00c25d238b3891b8
Minshawy_Murattal_128kbps,1,2,4.963265,10.553469,0.7634,0.2629,https://everyayah.com/data/Minshawy_Murattal_128kbps/001002.mp3,fa19ce0d038ae849a2b4ee67c3c9cc96ca7628f916e69b2a3e0137035e8803e8
Minshawy_Murattal_128kbps,1,3,10.553469,14.889796,0.768,0.4248,https://everyayah.com/data/Minshawy_Murattal_128kbps/001003.mp3,03470d9a9d7975c68072642c593464af321df4be216e0f78b58f943cb41ff95c
Minshawy_Murattal_128kbps,1,4,14.889796,19.017143,0.7854,0.4647,https://everyayah.com/data/Minshawy_Murattal_128kbps/001004.mp3,066eb8cf1725402853385e2407571a100978dc29274bd67944976c91f2d16040
Minshawy_Murattal_128kbps,1,5,19.017143,25.260408,0.9687,0.3814,https://everyayah.com/data/Minshawy_Murattal_128kbps/001005.mp3,9bd12c45d37f6cdee0cff74ad9e6b46c597c6ca56eefc14974289b2f6d222c5f
Minshawy_Murattal_128kbps,1,6,25.260408,30.302041,0.8768,0.3875,https://everyayah.com/data/Minshawy_Murattal_128kbps/001006.mp3,6ed0e5f8dd4e34c2022002e12a827f9fd6285493975eb7dff7b7603705192fb7
Minshawy_Murattal_128kbps,1,7,30.302041,43.990204,0.9367,0.4584,https://everyayah.com/data/Minshawy_Murattal_128kbps/001007.mp3,7aa3230c88f29a29f09e22711f83171be8da78ed748b05042d0de3afcde98d6a
Minshawy_Murattal_128kbps,12,1,0,10.579592,0.344,0.534,https://everyayah.com/data/Minshawy_Murattal_128kbps/012001.mp3,0bf533055823fea56271fb2fa9139670705a98097215abc070c36c8b44063292
Minshawy_Murattal_128kbps,12,2,10.579592,22.230204,0.1241,0.3732,https://everyayah.com/data/Minshawy_Murattal_128kbps/012002.mp3,6b821218471c1dc846889b709d7ce72c752c6d010576bb2113eddc30a50836c0
Minshawy_Murattal_128kbps,12,3,22.230204,42.814694,0.3176,0.5124,https://everyayah.com/data/Minshawy_Murattal_128kbps/012003.mp3,53ed7565013e37d595c4d5dc80c8425a8a689dd635876cb3037796fc0a628cea
Minshawy_Murattal_128kbps,12,4,42.814694,62.589388,1.3455,0.8325,https://everyayah.com/data/Minshawy_Murattal_128kbps/012004.mp3,18ffc98bffe9a9051cf42747814391b90ebf396d243d1858662b3484f33c6087
Minshawy_Murattal_128kbps,12,5,62.589388,83.800816,0.3926,0.4005,https://everyayah.com/data/Minshawy_Murattal_128kbps/012005.mp3,ee49f6c7e8e84f374ce89507203476040996150caa843b2d823270bd91be4ab8
Minshawy_Murattal_128kbps,12,6,83.800816,126.82449,0.5203,0.3359,https://everyayah.com/data/Minshawy_Murattal_128kbps/012006.mp3,7be3d7a6a9979a435490af4ac1f8863e9aa87aed3590eaca50db2a54a5557641
Minshawy_Murattal_128kbps,12,7,126.82449,137.926531,0.0614,0.3652,https://everyayah.com/data/Minshawy_Murattal_128kbps/012007.mp3,9a419508b860a953838564d63bebb205dd06bb8e2b9b84d8c64707ced9fa9f50
Minshawy_Murattal_128kbps,12,8,137.926531,156.395102,0.3941,0.3098,https://everyayah.com/data/Minshawy_Murattal_128kbps/012008.mp3,45f9f67af97a285281a2acc3af455d4562ff677a78d7a79a72ae73edc78c8e47
Minshawy_Murattal_128kbps,12,9,156.395102,173.792653,0.5871,0.9608,https://everyayah.com/data/Minshawy_Murattal_128kbps/012009.mp3,5318c8ed8ca6b2a6be267b00e0eabafa0f18ff52e2bf22e48a6a176c4562b9c7
Minshawy_Murattal_128kbps,12,10,173.792653,194.821224,0.2377,0.2676,https://everyayah.com/data/Minshawy_Murattal_128kbps/012010.mp3,da5ae6fd4042e4ea72c34e9df8547fd7a3b1cb9b3462d69722df4c583cdea664
Minshawy_Murattal_128kbps,12,11,194.821224,210.155102,1.1802,0.2548,https://everyayah.com/data/Minshawy_Murattal_128kbps/012011.mp3,c4adad07bc4c63306e2590e171d3b65aadef9f26f64682142fc55e4690775900
Minshawy_Murattal_128kbps,12,12,210.155102,221.622857,0.6055,0.1046,https://everyayah.com/data/Minshawy_Murattal_128kbps/012012.mp3,e11b9bffcff51cdc6904a315b49decc7b591bfc30012be242e5ccc5b7ba0e6ca
Minshawy_Murattal_128kbps,12,13,221.622857,240.587755,0.6223,0.392,https://everyayah.com/data/Minshawy_Murattal_128kbps/012013.mp3,2bb4ff2d8765ec60cd7fb4b8ebc55329daf588c590d89239ad59fb0c680392af
Minshawy_Murattal_128kbps,12,14,240.587755,253.988571,1.0776,0.2623,https://everyayah.com/data/Minshawy_Murattal_128kbps/012014.mp3,dd949df17fbb1ff0ede2e59101a0538dfb8242350d766b6fa84fbf4a3b9b56ad
Minshawy_Murattal_128kbps,12,15,253.988571,282.331429,1.2428,0.8118,https://everyayah.com/data/Minshawy_Murattal_128kbps/012015.mp3,ae9941f4bd93486c7eecce2ea72ed9117cd67c0c0219cde865ea5992538c5bc1
Minshawy_Murattal_128kbps,12,16,282.331429,292.179592,0.2246,0.2595,https://everyayah.com/data/Minshawy_Murattal_128kbps/012016.mp3,f3b5b2dd7ce5b7b619da5fbe85697b62f69a31570e4a8f32afab96ab6532e6fb
Minshawy_Murattal_128kbps,12,17,292.179592,320.940408,0.5747,0.3401,https://everyayah.com/data/Minshawy_Murattal_128kbps/012017.mp3,19c48d16e064e9f1eb16cce1cc58711e73b3fcc2b4d8a54a5d338d13b7fadaaa
Minshawy_Murattal_128kbps,12,18,320.940408,346.906122,0.5082,0.5555,https://everyayah.com/data/Minshawy_Murattal_128kbps/012018.mp3,e75c03066283db041d14daaeedd810a0ef4051397c24a95f435bddb4a27da9a1
Minshawy_Murattal_128kbps,12,19,346.906122,373.55102,0.4784,0.2287,https://everyayah.com/data/Minshawy_Murattal_128kbps/012019.mp3,d61ae352d4b0620c5ec6bdc6808cf06589cf78edd2308cdd251d85892d89d3ea
Minshawy_Murattal_128kbps,12,20,373.55102,388.649796,0.7524,0.4186,https://everyayah.com/data/Minshawy_Murattal_128kbps/012020.mp3,3a3d2c8619b8cdb16e1ee8543c4a3762370acdf7a1a33ffd189e1904daf7a871
Minshawy_Murattal_128kbps,12,21,388.649796,440.189388,1.0006,0.2664,https://everyayah.com/data/Minshawy_Murattal_128kbps/012021.mp3,e71b19055a0d8f0dea4a21d87ea72d160cf59f11166a1fd1a0eb775cf8e306d6
Minshawy_Murattal_128kbps,12,22,440.189388,458.13551,1.1872,0.4701,https://everyayah.com/data/Minshawy_Murattal_128kbps/012022.mp3,b1d0b6dfea06133ed0d65780b59115a197abfde3810625ce09bad72058d92d0f
Minshawy_Murattal_128kbps,12,23,458.13551,490.03102,0.7019,0.4812,https://everyayah.com/data/Minshawy_Murattal_128kbps/012023.mp3,7fbafa171c9b611c22c0701d270b4c099a72d7e4fabe70ff5623e91b8f697101
Minshawy_Murattal_128kbps,12,24,490.03102,521.038367,0.6596,0.4753,https://everyayah.com/data/Minshawy_Murattal_128kbps/012024.mp3,bee0f572b5bb0955371614e1f10a38486bc8a2af663c8bef4eea7c7b36dc9061
Minshawy_Murattal_128kbps,12,25,521.038367,551.392653,0.8508,0.5945,https://everyayah.com/data/Minshawy_Murattal_128kbps/012025.mp3,e9cb74c32227fa33f4860f536acfb68b5c3da1137709af9bac191e4474927ff8
Minshawy_Murattal_128kbps,12,26,551.392653,575.425306,0.9392,0.6618,https://everyayah.com/data/Minshawy_Murattal_128kbps/012026.mp3,5cd0092ffd6107ca010075c3d65ec1030a4055861e49cd4dd74116422b3bc7ae
Minshawy_Murattal_128kbps,12,27,575.425306,588.773878,0.9962,0.7072,https://everyayah.com/data/Minshawy_Murattal_128kbps/012027.mp3,59352ed7fe24b6ca78a28dbf3f4418e780025de7208254bd7940ac0a2bdbc613
Minshawy_Murattal_128kbps,12,28,588.773878,607.164082,0.4969,0.4794,https://everyayah.com/data/Minshawy_Murattal_128kbps/012028.mp3,3c1e3685b30a99c47e14ab47ae347ebf0de43d272efa7cc295823cdc14510226
Minshawy_Murattal_128kbps,12,29,607.164082,621.557551,0.6315,0.5595,https://everyayah.com/data/Minshawy_Murattal_128kbps/012029.mp3,7bc276a7c3ef636ca74ec7ae6f5513f4e7b22cb28d06a934601f61c231cf205e
Minshawy_Murattal_128kbps,12,30,621.557551,647.653878,0.4151,0.6883,https://everyayah.com/data/Minshawy_Murattal_128kbps/012030.mp3,3b5655bf66fe471248ca9c052bfe6b6c912b1403067fc5a79e38ca10054d3638
Minshawy_Murattal_128kbps,12,31,647.653878,708.702041,0.5415,0.4984,https://everyayah.com/data/Minshawy_Murattal_128kbps/012031.mp3,8425501490b89b531ffa3438920d3e0eabfb5f6f2de80e68d1e253d4fb1b2d29
Minshawy_Murattal_128kbps,12,32,708.702041,736.705306,0.8417,0.4582,https://everyayah.com/data/Minshawy_Murattal_128kbps/012032.mp3,93dee7c416da68864c1e7f09c176e8fc5f74606911a22bff80aeac91206a3254
Minshawy_Murattal_128kbps,12,33,736.705306,762.749388,1.363,0.8192,https://everyayah.com/data/Minshawy_Murattal_128kbps/012033.mp3,f227d47bb19915bd863e006dca00095e79b740884eb5eead6a6d686d263b4aaf
Minshawy_Murattal_128kbps,12,34,762.749388,776.777143,0.4272,0.4956,https://everyayah.com/data/Minshawy_Murattal_128kbps/012034.mp3,046340cb291c4c73118be8b4d05df56bf0e2ad3f0de4045d7b6345ab492415fe
Minshawy_Murattal_128kbps,12,35,776.777143,791.04,0.4556,0.6685,https://everyayah.com/data/Minshawy_Murattal_128kbps/012035.mp3,1d96bc76486ea6d0b89b7ee9c3f7ec22d8cd6de7651f24b99f320735bc7420d7
Minshawy_Murattal_128kbps,12,36,791.04,832.705306,0.2341,0.6468,https://everyayah.com/data/Minshawy_Murattal_128kbps/012036.mp3,76fd4f19f42e1b19385d4dfe7fffe04ce36b47a5578cd79a89195444f6afd0ab
Minshawy_Murattal_128kbps,12,37,832.705306,872.359184,0.5832,0.6271,https://everyayah.com/data/Minshawy_Murattal_128kbps/012037.mp3,b757358d675ca5abbaf2135a42fea6ed05d7d323057a492963f9ded42b41254c
Minshawy_Murattal_128kbps,12,38,872.359184,908.69551,0.2748,0.534,https://everyayah.com/data/Minshawy_Murattal_128kbps/012038.mp3,d53fe022d82c7f8971d3113b0f678e66053c8727acd0df3fedcf2883fd737a11
Minshawy_Murattal_128kbps,12,39,908.69551,922.67102,0.8396,0.3876,https://everyayah.com/data/Minshawy_Murattal_128kbps/012039.mp3,7ddc32bda626ab5a0871d5a9cc74c074969076631e40e183a4246bec5fe1f256
Minshawy_Murattal_128kbps,12,40,922.67102,985.234286,1.1817,0.6961,https://everyayah.com/data/Minshawy_Murattal_128kbps/012040.mp3,ea47fb8e352e592dec8498d6ccf95b0325b2ebb88b5cd041fbf1aa1f1720e57f
Minshawy_Murattal_128kbps,12,41,985.234286,1011.748571,0.1612,0.4563,https://everyayah.com/data/Minshawy_Murattal_128kbps/012041.mp3,58781827786da095eb8a81ed4dd331e0117c6940e4dff0a4969e2d969df2945b
Minshawy_Murattal_128kbps,12,42,1011.748571,1041.345306,0.7214,0.888,https://everyayah.com/data/Minshawy_Murattal_128kbps/012042.mp3,7c651df5b8bcc82cdfaf97c0c219b281cb37f20c1e8aa078c48b0d085b0a2afa
Minshawy_Murattal_128kbps,12,43,1041.345306,1078.622041,0.1605,0.8883,https://everyayah.com/data/Minshawy_Murattal_128kbps/012043.mp3,a4baddcc56a2652b8a7cd94b48bc19e13a12291f2e66456c26d590e22a02fa3b
Minshawy_Murattal_128kbps,12,44,1078.622041,1091.213061,0.299,0.8105,https://everyayah.com/data/Minshawy_Murattal_128kbps/012044.mp3,609e31897da2d15013d1a79972ff56a77855f9f68b52e5092e40cb8f9ba3dc05
Minshawy_Murattal_128kbps,12,45,1091.213061,1106.573061,0.5169,0.6806,https://everyayah.com/data/Minshawy_Murattal_128kbps/012045.mp3,b2f4c9e0cae824876bea6eceff54a396bf1c0e2e13fb9270edf460586656d46b
Minshawy_Murattal_128kbps,12,46,1106.573061,1142.360816,0.4102,0.5983,https://everyayah.com/data/Minshawy_Murattal_128kbps/012046.mp3,ebc855a37754ce041b12f2c97b207475994b6418eaac281a897a8fcdd817ce16
Minshawy_Murattal_128kbps,12,47,1142.360816,1163.389388,2.4011,0.9128,https://everyayah.com/data/Minshawy_Murattal_128kbps/012047.mp3,891fe4b3d8774123f07685db360650711fe9274deef596043380e3b005f2fa2b
Minshawy_Murattal_128kbps,12,48,1163.389388,1183.085714,0.8918,0.5556,https://everyayah.com/data/Minshawy_Murattal_128kbps/012048.mp3,c6ae9dbc10e3c120501318a4e227bc05a52a911a9bf5e3f0b0a4332817c2e279
Minshawy_Murattal_128kbps,12,49,1183.085714,1197.113469,0.8988,0.6641,https://everyayah.com/data/Minshawy_Murattal_128kbps/012049.mp3,58c0049f89cdd5909616e683dfc3326cdf693d47fb844ba0c7b3fd706bd98f71
Minshawy_Murattal_128kbps,12,50,1197.113469,1226.710204,0.3081,0.3204,https://everyayah.com/data/Minshawy_Murattal_128kbps/012050.mp3,66a56fecff2fc3b7f9ae423a531d0220216a0d22e0db97b35cabfa5da246f309
Minshawy_Murattal_128kbps,12,51,1226.710204,1264.43102,0.5907,0.5611,https://everyayah.com/data/Minshawy_Murattal_128kbps/012051.mp3,4be5e3e25eeea80452a17998d500a2a9fef5599330382eb91b2154fc611722fe
Minshawy_Murattal_128kbps,12,52,1264.43102,1280.653061,0.3663,0.3731,https://everyayah.com/data/Minshawy_Murattal_128kbps/012052.mp3,b38d4f7fec74f802cc509899ce37f41638cf246b830910014f21a021eef89144
Minshawy_Murattal_128kbps,12,53,1280.653061,1304.685714,0.6355,0.4463,https://everyayah.com/data/Minshawy_Murattal_128kbps/012053.mp3,8c20e50df284e5c8eb36b1e6a7273a22be570bb6dbad1c3ca14b832085b0ce69
Minshawy_Murattal_128kbps,12,54,1304.685714,1325.818776,0.5689,0.6912,https://everyayah.com/data/Minshawy_Murattal_128kbps/012054.mp3,d79d8ba0b3446e0868576aa5fbb994d6111a9e6dcbf03763cfafc4e6947af6e5
Minshawy_Murattal_128kbps,12,55,1325.818776,1336.842449,0.0553,0.4448,https://everyayah.com/data/Minshawy_Murattal_128kbps/012055.mp3,0b69b541c371e57bdafeddb9699751c0af698e26e816e3fe51160052aec0dc66
Minshawy_Murattal_128kbps,12,56,1336.842449,1362.520816,0.4194,0.8142,https://everyayah.com/data/Minshawy_Murattal_128kbps/012056.mp3,70f87e92e600f5e02b30e8b313c3ade2fc2c3ce9e1c062bb0b0a05f1640171df
Minshawy_Murattal_128kbps,12,57,1362.520816,1373.884082,0.8875,0,https://everyayah.com/data/Minshawy_Murattal_128kbps/012057.mp3,4933b166b1fa1667efed53784ac2bf398117e1f7e39b16aaa83df914750657c8
Minshawy_Murattal_128kbps,12,58,1373.884082,1386.553469,0.0315,0.4466,https://everyayah.com/data/Minshawy_Murattal_128kbps/012058.mp3,92a28d04f13686105904031233be767201d80013f90c1a8b80ae66473fbf95fe
Minshawy_Murattal_128kbps,12,59,1386.553469,1410.821224,0.4737,0.3632,https://everyayah.com/data/Minshawy_Murattal_128kbps/012059.mp3,11ecf13062ec8a441bd4ee45acc73f7a16f85d1f0d8f03c60890b588f85cecd7
Minshawy_Murattal_128kbps,12,60,1410.821224,1422.628571,0.7955,0.5885,https://everyayah.com/data/Minshawy_Murattal_128kbps/012060.mp3,a01d8617c0cb30ffb36e522d18abb0b8071175381161738a78c0bf334716099c
Minshawy_Murattal_128kbps,12,61,1422.628571,1431.196735,0.0635,0.2104,https://everyayah.com/data/Minshawy_Murattal_128kbps/012061.mp3,28ce56b0fdb2e3701fbdfc82b036fd75b78006dac986297fcf0580a5a1f51793
Minshawy_Murattal_128kbps,12,62,1431.196735,1459.017143,0.5701,0.5471,https://everyayah.com/data/Minshawy_Murattal_128kbps/012062.mp3,a2d6cab50e5498e31f0787349605bb84fdf05d93332bfbc5c68635f787dd7577
Minshawy_Murattal_128kbps,12,63,1459.017143,1490.808163,0.675,0.3691,https://everyayah.com/data/Minshawy_Murattal_128kbps/012063.mp3,3e7933b1e41397804cab9c7e6f8adcf6e4b0173796d071d51b0258bbf5730e9e
Minshawy_Murattal_128kbps,12,64,1490.808163,1515.284898,0.5844,0.6992,https://everyayah.com/data/Minshawy_Murattal_128kbps/012064.mp3,cb44a4b98d5962b5f8d5f29df46a75826abd47551ba56f651cdac785c7ba9557
Minshawy_Murattal_128kbps,12,65,1515.284898,1553.188571,0.2338,0.7414,https://everyayah.com/data/Minshawy_Murattal_128kbps/012065.mp3,b3c3eb796ab8f3f2c56b10cddd9261461f0056613e5bc9bf32e3ad441994a926
Minshawy_Murattal_128kbps,12,66,1553.188571,1586.442449,0.4267,0.2133,https://everyayah.com/data/Minshawy_Murattal_128kbps/012066.mp3,c9792f7838d2dbd996ab12a62759bd8c3014eaebfaa3ef95b280b2dca3bb2860
Minshawy_Murattal_128kbps,12,67,1586.442449,1628.003265,0.7325,0.2873,https://everyayah.com/data/Minshawy_Murattal_128kbps/012067.mp3,08338fc955a755de5353352234ddd68e1720f9b4704e991337a6c21b24f3e7a6
Minshawy_Murattal_128kbps,12,68,1628.003265,1677.087347,0.8015,0.2797,https://everyayah.com/data/Minshawy_Murattal_128kbps/012068.mp3,c91319a2d297557aeb1d176a0e70ee38cc176276a1ca7857bb49afc8d43e0c16
Minshawy_Murattal_128kbps,12,69,1677.087347,1700.205714,0.8242,0.5977,https://everyayah.com/data/Minshawy_Murattal_128kbps/012069.mp3,a96add2790958741ebcc9807fba0a0669ac5dd23ae73770458886847f3e1f318
Minshawy_Murattal_128kbps,12,70,1700.205714,1729.358367,0.431,0.7789,https://everyayah.com/data/Minshawy_Murattal_128kbps/012070.mp3,52cb05b34ad5ad7942a763aac1c7140185b6f7e3423e132e7c1e189addced2de
Minshawy_Murattal_128kbps,12,71,1729.358367,1738.266122,0.7156,0.3187,https://everyayah.com/data/Minshawy_Murattal_128kbps/012071.mp3,596c1b8c5f611dbcfe405812c95bc14ece6ede8ff6cdfc4a89d99f56cc9bb325
Minshawy_Murattal_128kbps,12,72,1738.266122,1754.409796,0.4331,0.5008,https://everyayah.com/data/Minshawy_Murattal_128kbps/012072.mp3,babba732d1d251808d33ce4db48aeb0b45d5be0a2371054a2fd4d2115a9842ed
Minshawy_Murattal_128kbps,12,73,1754.409796,1770.631837,0.9422,0.566,https://everyayah.com/data/Minshawy_Murattal_128kbps/012073.mp3,08e506b28d0786b70e2cd6e297c4d1f3b920890f58ac2befd367ecad6723213b
Minshawy_Murattal_128kbps,12,74,1770.631837,1782.465306,0.7288,0.2436,https://everyayah.com/data/Minshawy_Murattal_128kbps/012074.mp3,1d33405c0eabbba04137fd8387cdcc53aa3761e8a6040572eff66a73d4863611
Minshawy_Murattal_128kbps,12,75,1782.465306,1800.437551,0.5888,0.5112,https://everyayah.com/data/Minshawy_Murattal_128kbps/012075.mp3,ec85bc886bc5c45dea6f7d1cf028faec0c083a108bc0da6a66f2de6cb5483a5a
Minshawy_Murattal_128kbps,12,76,1800.437551,1849.155918,0.5407,0.389,https://everyayah.com/data/Minshawy_Murattal_128kbps/012076.mp3,0476a7c7c5490dcf285f8e9dbcb295fb3a41ae569608b7e8c976a0dec903c189
Minshawy_Murattal_128kbps,12,77,1849.155918,1879.980408,0.3866,0.4279,https://everyayah.com/data/Minshawy_Murattal_128kbps/012077.mp3,c91674123b7aebb4de230d32ce8da198da04e57bb6991427f697e13e114ae614
Minshawy_Murattal_128kbps,12,78,1879.980408,1903.934694,0.6948,0.3389,https://everyayah.com/data/Minshawy_Murattal_128kbps/012078.mp3,e91c94c686ad6233c9da3ad66e69c2af5451cc1aa3fd2c05ffb3e270d032a156
Minshawy_Murattal_128kbps,12,79,1903.934694,1923.787755,0.8034,0.5845,https://everyayah.com/data/Minshawy_Murattal_128kbps/012079.mp3,884127ecf07b409138aaa85244b6bdc030bee52a3442ae7f6dd6d9cca82a0c19
Minshawy_Murattal_128kbps,12,80,1923.787755,1988.623673,1.2438,0.5376,https://everyayah.com/data/Minshawy_Murattal_128kbps/012080.mp3,ea9ece9898fc7d893e3da8475c95c5bf29f4dbd40c256a711d8736092e5e29c3
Minshawy_Murattal_128kbps,12,81,1988.623673,2025.404082,1.0144,0.5147,https://everyayah.com/data/Minshawy_Murattal_128kbps/012081.mp3,1af5438c81bdb49438527d7e62cd9524923f3a7aed85bf26fab45761f2406384
Minshawy_Murattal_128kbps,12,82,2025.404082,2044.682449,1.3642,0.8143,https://everyayah.com/data/Minshawy_Murattal_128kbps/012082.mp3,17d6b2ef208ffc1cc304d1de809857d4829d333a52e38ddd40b82292493d8b96
Minshawy_Murattal_128kbps,12,83,2044.682449,2070.83102,1.1005,0.5147,https://everyayah.com/data/Minshawy_Murattal_128kbps/012083.mp3,f062aaca95cec46f416386592d312068927ba34d0ce4c9c87e985b8f7f0854e7
Minshawy_Murattal_128kbps,12,84,2070.83102,2088.724898,0.882,0.6238,https://everyayah.com/data/Minshawy_Murattal_128kbps/012084.mp3,0c9c3ab53e416e9b8565a97da3b6984f31154560851e45fd5d3373ceda97d62f
Minshawy_Murattal_128kbps,12,85,2088.724898,2104.633469,0.9207,0.4151,https://everyayah.com/data/Minshawy_Murattal_128kbps/012085.mp3,d9169cecd1bc9d7c580859d304a899faf7025272ce8ef2e5682bbf40df1e7cf9
Minshawy_Murattal_128kbps,12,86,2104.633469,2122.788571,0.8639,0.4322,https://everyayah.com/data/Minshawy_Murattal_128kbps/012086.mp3,53281189028a2e8dc839211b970de4ffe596679c1d4561853a28ed3eed9796c2
Minshawy_Murattal_128kbps,12,87,2122.788571,2150.112653,0.6658,0.7753,https://everyayah.com/data/Minshawy_Murattal_128kbps/012087.mp3,cff81352d2eb16f99bf85c85bf5d00e300124ae71cd613e5a4224d6db9e68e18
Minshawy_Murattal_128kbps,12,88,2150.112653,2188.460408,1.0346,0.3116,https://everyayah.com/data/Minshawy_Murattal_128kbps/012088.mp3,1dd2fafd31260044d2382aaa8d19aefe95a49adad390d4db3c382edf51656aff
Minshawy_Murattal_128kbps,12,89,2188.460408,2202.77551,0.955,0.4113,https://everyayah.com/data/Minshawy_Murattal_128kbps/012089.mp3,fe0c88933a26917950e2c9dba6455f58662009d1c6148a7eabb8df25b3bc6e15
Minshawy_Murattal_128kbps,12,90,2202.77551,2235.742041,0.7418,0.5077,https://everyayah.com/data/Minshawy_Murattal_128kbps/012090.mp3,6add1195a08a151f73642fff2092b3ca1035fa98ae5b0f4c9ef1d0d51610d173
Minshawy_Murattal_128kbps,12,91,2235.742041,2249.456327,0.9584,0.6141,https://everyayah.com/data/Minshawy_Murattal_128kbps/012091.mp3,745f57f9e70ca79f1ec1e6152268dd467c859bd38fd26ed80e6375ea6a8d0f79
Minshawy_Murattal_128kbps,12,92,2249.456327,2262.804898,0.3468,0.5703,https://everyayah.com/data/Minshawy_Murattal_128kbps/012092.mp3,737bed257f5f89146e8e80c663e73d59c851a28c0d6117d934fc07dc08776477
Minshawy_Murattal_128kbps,12,93,2262.804898,2280.019592,0.4816,0.4084,https://everyayah.com/data/Minshawy_Murattal_128kbps/012093.mp3,fd4b0a49a477c88df3bcfae47907dce5d372339b36f72af3b9dc53efa4f068e8
Minshawy_Murattal_128kbps,12,94,2280.019592,2298.514286,1.0687,0.7023,https://everyayah.com/data/Minshawy_Murattal_128kbps/012094.mp3,b5245e694231f9a02cb1ab19a38ae4bcafc6b37f6aca5306004a48de810e93c3
Minshawy_Murattal_128kbps,12,95,2298.514286,2307.291429,0.4648,0.276,https://everyayah.com/data/Minshawy_Murattal_128kbps/012095.mp3,df93d760c6028b7b2dec14f1bfe71138831df68b8d12555e619e31bb47f75e2f
Minshawy_Murattal_128kbps,12,96,2307.291429,2334.563265,0.7381,0.6006,https://everyayah.com/data/Minshawy_Murattal_128kbps/012096.mp3,646ddde948ae8b13ae474e14fcded175fdc18ca0a5d86c9967805ac6fb0c08ca
Minshawy_Murattal_128kbps,12,97,2334.563265,2349.217959,0.48,0.4639,https://everyayah.com/data/Minshawy_Murattal_128kbps/012097.mp3,6113b0c93c1cc2de247ce70e42387a21495047be56dd3102b52550c98fa65201
Minshawy_Murattal_128kbps,12,98,2349.217959,2361.861224,0.354,0.6308,https://everyayah.com/data/Minshawy_Murattal_128kbps/012098.mp3,63c7ed41df49acc2c5d03a567bea383123d3dafaaa1349d3d07f1851bad37516
Minshawy_Murattal_128kbps,12,99,2361.861224,2381.818776,0.4867,0.6666,https://everyayah.com/data/Minshawy_Murattal_128kbps/012099.mp3,e8f760a4cc73a6e9dc26bec1839452d78e08892f9ee7a9ac64c1fb71122d0589
Minshawy_Murattal_128kbps,12,100,2381.818776,2447.908571,0.9856,0.7539,https://everyayah.com/data/Minshawy_Murattal_128kbps/012100.mp3,777a8b973bc77cd91865ace16bf38be6d35eeee24734360773dccae0d0924e80
Minshawy_Murattal_128kbps,12,101,2447.908571,2481.188571,0.4061,0.645,https://everyayah.com/data/Minshawy_Murattal_128kbps/012101.mp3,190a9c96c55b29d6bb02ae6559c0925b3cf288727698827368cd918f2f21edf0
Minshawy_Murattal_128kbps,12,102,2481.188571,2501.903673,0.6786,0.6034,https://everyayah.com/data/Minshawy_Murattal_128kbps/012102.mp3,ba73a4e9cf93e84707b302272d6b585a5c69b85767f5a9ea184d065e291689ca
Minshawy_Murattal_128kbps,12,103,2501.903673,2511.25551,0.4507,0.5612,https://everyayah.com/data/Minshawy_Murattal_128kbps/012103.mp3,b961aec0a07c60c8dabd5e4ba9244cb2a344a4d5a1622cfa6ed1b6e5f3a491a3
Minshawy_Murattal_128kbps,12,104,2511.25551,2523.637551,0.5809,0.5679,https://everyayah.com/data/Minshawy_Murattal_128kbps/012104.mp3,575cda84fd0a92ba13499a9c9f9808b556d1d4ece0dd0e378069073d5d5c212a
Minshawy_Murattal_128kbps,12,105,2523.637551,2539.493878,0.1949,0.6243,https://everyayah.com/data/Minshawy_Murattal_128kbps/012105.mp3,63334ed79d0cafb469625097bd8316d79d33dea68039cec5dc9efe828af8447d
Minshawy_Murattal_128kbps,12,106,2539.493878,2550.256327,0.4166,0.6097,https://everyayah.com/data/Minshawy_Murattal_128kbps/012106.mp3,3598ad1cbdcd554b864fb03da06938aacd065a671df83b2396da5e7f52555f42
Minshawy_Murattal_128kbps,12,107,2550.256327,2570.083265,0.7298,0.6835,https://everyayah.com/data/Minshawy_Murattal_128kbps/012107.mp3,b2831016a186523b960b9108ea88f5d2871a9173df115e568d74398d4893976b
Minshawy_Murattal_128kbps,12,108,2570.083265,2593.38449,1.1174,0.5811,https://everyayah.com/data/Minshawy_Murattal_128kbps/012108.mp3,5c0228b88392ddabacae714f4e10c070f328c9e6711da19d3bffdb39d89c4783
Minshawy_Murattal_128kbps,12,109,2593.38449,2634.475102,0.5713,0.6476,https://everyayah.com/data/Minshawy_Murattal_128kbps/012109.mp3,18ab8b67199d50a5da3596b25a697c01226ae35eb4442f9af91a78651a21eb07
Minshawy_Murattal_128kbps,12,110,2634.475102,2663.131429,0.3882,0.5965,https://everyayah.com/data/Minshawy_Murattal_128kbps/012110.mp3,c354690bc26bbfad92bc63a7ea4fd4a3c2c5865f8f81f8ba00dbd40323f613d7
Minshawy_Murattal_128kbps,12,111,2663.131429,2697.195102,0.4247,0.6015,https://everyayah.com/data/Minshawy_Murattal_128kbps/012111.mp3,40fb0cc11e5755ff7aa40506a8fdd299ecb09f8540ba3c7fb23726da5811513a
Minshawy_Murattal_128kbps,36,1,0,3.63102,0.342,0.1268,https://everyayah.com/data/Minshawy_Murattal_128kbps/036001.mp3,cfaeb72c7c50a34b56307bddf725abbc4c4380fe2874508f4cae1065ac7689aa
Minshawy_Murattal_128kbps,36,2,3.63102,7.026939,0.3771,0.0239,https://everyayah.com/data/Minshawy_Murattal_128kbps/036002.mp3,ddd27d0d1ab7ef695e5451239992c6ff4db69a7cb6ddd29e37593946feb491da
Minshawy_Murattal_128kbps,36,3,7.026939,11.206531,0.4039,0.0536,https://everyayah.com/data/Minshawy_Murattal_128kbps/036003.mp3,01722f75cb79524a9c1f75b4408fc2ac064557717491a9d0a4488322524cee68
Minshawy_Murattal_128kbps,36,4,11.206531,15.46449,0.0789,0.0397,https://everyayah.com/data/Minshawy_Murattal_128kbps/036004.mp3,f545d6dd6318676720331f7eb962775073d0e1d81d562814fd79606c7e631cc3
Minshawy_Murattal_128kbps,36,5,15.46449,19.931429,0.3754,0,https://everyayah.com/data/Minshawy_Murattal_128kbps/036005.mp3,60bfbe14a1d391feaa7d2ff671e798e9c5d237d60e6be68246dba827058733a8
Minshawy_Murattal_128kbps,36,6,19.931429,30.72,0.0802,0.124,https://everyayah.com/data/Minshawy_Murattal_128kbps/036006.mp3,8f96f9c8087b106b132bc11242a3cbdf09ed2a721694401c75d068e83ba5eedf
Minshawy_Murattal_128kbps,36,7,30.72,39.183673,0.4019,0.0551,https://everyayah.com/data/Minshawy_Murattal_128kbps/036007.mp3,b8d703b94b0e50871ba491baa97596c206676515b6be6f4edb8470f2687b755e
Minshawy_Murattal_128kbps,36,8,39.183673,52.37551,0.7043,0.0998,https://everyayah.com/data/Minshawy_Murattal_128kbps/036008.mp3,0cb63e0b60c315dba63a55d1279379432560a0f2ba369411ef5f0f7d9f5bf2bd
Minshawy_Murattal_128kbps,36,9,52.37551,66.507755,0.5944,0.2259,https://everyayah.com/data/Minshawy_Murattal_128kbps/036009.mp3,54e41076c2a790d07e169ec3c594c94e18576ad6b4e69aaada99f81ac78cc7ae
Minshawy_Murattal_128kbps,36,10,66.507755,77.97551,0.7474,0.1974,https://everyayah.com/data/Minshawy_Murattal_128kbps/036010.mp3,2b390e83e3b974f1cd8abba8da07c950ae94f0788a59ea8e5ec265460e348a70
Minshawy_Murattal_128kbps,36,11,77.97551,93.936327,0.2144,0.2625,https://everyayah.com/data/Minshawy_Murattal_128kbps/036011.mp3,8dc218dc09b8352b3cf4797ab1000f4dee9e5dd516268c650aff70724c2ef325
Minshawy_Murattal_128kbps,36,12,93.936327,111.072653,0.5821,0.2606,https://everyayah.com/data/Minshawy_Murattal_128kbps/036012.mp3,a9da6b1ce4899835d6fcb7403265ba63fb2d466aa80ffabfbb101a3797a94a0e
Minshawy_Murattal_128kbps,36,13,111.072653,120.894694,0.4255,0.0903,https://everyayah.com/data/Minshawy_Murattal_128kbps/036013.mp3,1df432d38817beb7bbdabde6a57bba75c0ed74767a902a5fcf98bb13f5ea57fe
Minshawy_Murattal_128kbps,36,14,120.894694,139.441633,0.6781,0.3091,https://everyayah.com/data/Minshawy_Murattal_128kbps/036014.mp3,458e4aa52db092811f029b0f23532ecd93c1559c9acd82129d6a3123aadee6fb
Minshawy_Murattal_128kbps,36,15,139.441633,158.040816,0.9754,0.1635,https://everyayah.com/data/Minshawy_Murattal_128kbps/036015.mp3,d8ecfa5fcbb8dde353e56ff408a6d095ed7f0aeb7d9c0d9d712315814ec604e0
Minshawy_Murattal_128kbps,36,16,158.040816,167.105306,0.799,0.0802,https://everyayah.com/data/Minshawy_Murattal_128kbps/036016.mp3,6cd48ec92783ef1c0cce31cce141ec2a4fe61aa58db59e620afc732648067aef
Minshawy_Murattal_128kbps,36,17,167.105306,173.505306,0.0696,0.2524,https://everyayah.com/data/Minshawy_Murattal_128kbps/036017.mp3,71f6acb2ab22beda3c76a2c81cf9b827fe366fd2b6accca07878e49fa5a7f19d
Minshawy_Murattal_128kbps,36,18,173.505306,191.947755,0.4416,0.069,https://everyayah.com/data/Minshawy_Murattal_128kbps/036018.mp3,d76b910b73bca5f84c753f0e31085dc0ae6549bcdc983496030a9fb39839fb1a
Minshawy_Murattal_128kbps,36,19,191.947755,206.106122,0.6599,0.0247,https://everyayah.com/data/Minshawy_Murattal_128kbps/036019.mp3,84a884ed5f46a5094f6a8159cfc0b503642af56bf5415d502ec17a1536139731
Minshawy_Murattal_128kbps,36,20,206.106122,217.939592,0.3841,0.0422,https://everyayah.com/data/Minshawy_Murattal_128kbps/036020.mp3,3455b9fe1ef2d30243b2941b18b680dc63ec1b6049544178275bde8323e29b38
Minshawy_Murattal_128kbps,36,21,217.939592,226.847347,0.0715,0.1257,https://everyayah.com/data/Minshawy_Murattal_128kbps/036021.mp3,7548906f8fddafba88c3a824f1d2fc2f64515df1bfbf7da363c4f134049fa85b
Minshawy_Murattal_128kbps,36,22,226.847347,235.911837,0.3836,0.0752,https://everyayah.com/data/Minshawy_Murattal_128kbps/036022.mp3,d9b90102419372a630b8e3f72bd1bb44e15470cbab7e41b803a5795d9fc275e1
Minshawy_Murattal_128kbps,36,23,235.911837,254.61551,0.5749,0,https://everyayah.com/data/Minshawy_Murattal_128kbps/036023.mp3,a525af271c53e547866a357417e01e8ac9396e0a0622c9193279391c5148f7bc
Minshawy_Murattal_128kbps,36,24,254.61551,262.50449,1.1339,0,https://everyayah.com/data/Minshawy_Murattal_128kbps/036024.mp3,6bb3697fd1325832a3d90b2b367613c617ff718f3bc1e8fa9635e5ca3579ee71
Minshawy_Murattal_128kbps,36,25,262.50449,270.602449,0.0991,0.13,https://everyayah.com/data/Minshawy_Murattal_128kbps/036025.mp3,c4a4cec17890ec2ce773c564a73fc6253b866d6c1ce5e5def1c0e2708d33746e
Minshawy_Murattal_128kbps,36,26,270.602449,279.013878,0.1362,0.0454,https://everyayah.com/data/Minshawy_Murattal_128kbps/036026.mp3,8905a7057da29f590639be333e5b4d382be88e402523b9ab0a856dadf99e63c5
Minshawy_Murattal_128kbps,36,27,279.013878,286.119184,0.0541,0.0237,https://everyayah.com/data/Minshawy_Murattal_128kbps/036027.mp3,0867569e578d2496c3edf0e4bde62475c52384c201bf4c0c96cbbe8deb914f08
Minshawy_Murattal_128kbps,36,28,286.119184,304.091429,0.5011,0.1125,https://everyayah.com/data/Minshawy_Murattal_128kbps/036028.mp3,b4180e8568459ebc267e08c25e1f4d45ff19964e5563b505be20eed80c5c1f59
Minshawy_Murattal_128kbps,36,29,304.091429,315.350204,1.3854,0.2716,https://everyayah.com/data/Minshawy_Murattal_128kbps/036029.mp3,b1cd225dee062963b205b4f0d38a634e8ee9802d565c3065b4441e9783c7d2a4
Minshawy_Murattal_128kbps,36,30,315.350204,328.568163,0.3313,0,https://everyayah.com/data/Minshawy_Murattal_128kbps/036030.mp3,6349a2848d7cd9681cbf56c631422e0e8fe66c345399eaf52f0009ea0fb1b6a7
Minshawy_Murattal_128kbps,36,31,328.568163,340.767347,0.8543,0.0364,https://everyayah.com/data/Minshawy_Murattal_128kbps/036031.mp3,d886b1598dbe1f77c0a53d53f2ac05379d75a08e032d559619211d81afd52926
Minshawy_Murattal_128kbps,36,32,340.767347,348.865306,0.5452,0.1821,https://everyayah.com/data/Minshawy_Murattal_128kbps/036032.mp3,14115b8d317fddf2b56d7a5c7f76dff6bc1840dc5afd94d3e64568ce8b79f525
Minshawy_Murattal_128kbps,36,33,348.865306,362.03102,0.4055,0.0773,https://everyayah.com/data/Minshawy_Murattal_128kbps/036033.mp3,270fe769e7511308f0a9a8e92be71a47207be194b75f006e56da71fba60252d8
Minshawy_Murattal_128kbps,36,34,362.03102,376.11102,0.4778,0.2145,https://everyayah.com/data/Minshawy_Murattal_128kbps/036034.mp3,6dacba7df5b331fc2aaa97853799a9990c0819696a03f7d802ad5395b403061c
Minshawy_Murattal_128kbps,36,35,376.11102,387.082449,0.3217,0.081,https://everyayah.com/data/Minshawy_Murattal_128kbps/036035.mp3,eae7b4430b9101c5a1a4fbcfc68928ac93b98b542ceb096494c13821be61b3e8
Minshawy_Murattal_128kbps,36,36,387.082449,402.102857,0.4536,0.0352,https://everyayah.com/data/Minshawy_Murattal_128kbps/036036.mp3,b62094539f90cb784e7671f46cd6625ce0449d347205436e440ff3374d8a1001
Minshawy_Murattal_128kbps,36,37,402.102857,412.551837,0.0604,0,https://everyayah.com/data/Minshawy_Murattal_128kbps/036037.mp3,734ace93c219f969efed6b3878551410afcd6a5ac6cd9a48a304259e3556a557
Minshawy_Murattal_128kbps,36,38,412.551837,422.582857,0.5417,0,https://everyayah.com/data/Minshawy_Murattal_128kbps/036038.mp3,f7b9e5dfe5bf35e2fb06edcbf720a14cc5af39bcb0cdc098a4f907244b9fac35
Minshawy_Murattal_128kbps,36,39,422.582857,431.177143,0.0751,0,https://everyayah.com/data/Minshawy_Murattal_128kbps/036039.mp3,2b7d1cbc9ec4a393270ef2e13d6c11cbee1318471e2570a91dae0443336a0b78
Minshawy_Murattal_128kbps,36,40,431.177143,448.653061,0.057,0,https://everyayah.com/data/Minshawy_Murattal_128kbps/036040.mp3,f5d68964afadf0fa586abfb3ca4c0d4cdfb69c70bcbbd85a9ec7e8cbe013b649
Minshawy_Murattal_128kbps,36,41,448.653061,457.978776,0.0698,0.0213,https://everyayah.com/data/Minshawy_Murattal_128kbps/036041.mp3,b5ad02c78b185c9ae70259618babc354c638966b0f5b266fadc96e7ce0b96489
Minshawy_Murattal_128kbps,36,42,457.978776,465.005714,0.093,0.0286,https://everyayah.com/data/Minshawy_Murattal_128kbps/036042.mp3,37ab3ce6a27114c7becd5312ec0729702110c87c34409923a837ee85b90efcd5
Minshawy_Murattal_128kbps,36,43,465.005714,473.913469,0.108,0.0384,https://everyayah.com/data/Minshawy_Murattal_128kbps/036043.mp3,c2d09c857fa8b8c170c360266bd5b46a3f460efabad8068cc553bf38e972f3b7
Minshawy_Murattal_128kbps,36,44,473.913469,481.07102,0.0551,0,https://everyayah.com/data/Minshawy_Murattal_128kbps/036044.mp3,21304727d36e4f33b052737a5538ff81b0a75a632dbfa93491aee8c7175b84f1
Minshawy_Murattal_128kbps,36,45,481.07102,492.225306,0.0531,0.0722,https://everyayah.com/data/Minshawy_Murattal_128kbps/036045.mp3,fb6b56e796c42d9a783ee9d3429ef6ba4d292482e81926d09a301248041ed754
Minshawy_Murattal_128kbps,36,46,492.225306,504.32,0.4552,0.0377,https://everyayah.com/data/Minshawy_Murattal_128kbps/036046.mp3,37f1a44fb0e84d9bc3e6e140c065d9506fb041bc278faf4c18361c0e35ad29fd
Minshawy_Murattal_128kbps,36,47,504.32,538.697143,0.5376,0.0905,https://everyayah.com/data/Minshawy_Murattal_128kbps/036047.mp3,ecfa1ec25ad318f021c18377fc5d3618abc4d068fc206ced8573e3fdfd475518
Minshawy_Murattal_128kbps,36,48,538.697143,548.623673,1.3279,0.1678,https://everyayah.com/data/Minshawy_Murattal_128kbps/036048.mp3,19099d8715e63f91cad1c67af3c1d081332c54911fcb8bc3e31617d9da41e86a
Minshawy_Murattal_128kbps,36,49,548.623673,560.143673,0.4025,0.1321,https://everyayah.com/data/Minshawy_Murattal_128kbps/036049.mp3,5e019614d1f8bbaf369df6fadb6069ecf504f1001108d717ed1246dbb53e0f93
Minshawy_Murattal_128kbps,36,50,560.143673,571.141224,0.6427,0.1284,https://everyayah.com/data/Minshawy_Murattal_128kbps/036050.mp3,8bb37cb3a3724d8116bd5ba5a1b69756633c435b5e737b3bedc489b24efea5ff
Minshawy_Murattal_128kbps,36,51,571.141224,581.590204,0.4843,0.0752,https://everyayah.com/data/Minshawy_Murattal_128kbps/036051.mp3,4d1effbb8ea5f1d3df38f9cf60e85d5fee90a18003caa5f8b291a710dd704f86
Minshawy_Murattal_128kbps,36,52,581.590204,596.636735,0.4348,0.1463,https://everyayah.com/data/Minshawy_Murattal_128kbps/036052.mp3,9ecf55a26175dc15d1d0066d15f4b99e8fd0a04d80071d3cd3a773f353e4ec62
Minshawy_Murattal_128kbps,36,53,596.636735,609.227755,0.3805,0.1156,https://everyayah.com/data/Minshawy_Murattal_128kbps/036053.mp3,1ab1b0badce2cb1b7b806767f8bdc3fb72c8273b3d41eba9380351c937de3686
Minshawy_Murattal_128kbps,36,54,609.227755,622.367347,0.6022,0.1164,https://everyayah.com/data/Minshawy_Murattal_128kbps/036054.mp3,b5f33085c31764bc71ba107e22b2f723ae42dc20ceb9246b7efbe8afa43da0ea
Minshawy_Murattal_128kbps,36,55,622.367347,632.032653,0.5405,0.0818,https://everyayah.com/data/Minshawy_Murattal_128kbps/036055.mp3,8e23ab7f479b44c09be65c0d10040b73efe911e77dbdc5574222287cc8027b2e
Minshawy_Murattal_128kbps,36,56,632.032653,641.854694,0.4423,0.0383,https://everyayah.com/data/Minshawy_Murattal_128kbps/036056.mp3,11a83efdd07fab272f0c40c307b8a7b78ddb950773d46af5a69d9c5baa15a1b9
Minshawy_Murattal_128kbps,36,57,641.854694,649.508571,0.3124,0.1308,https://everyayah.com/data/Minshawy_Murattal_128kbps/036057.mp3,3e7fc150eb1460b23e7f7350115e01a6714ee16794dc44d1a603d34b96abbebf
Minshawy_Murattal_128kbps,36,58,649.508571,655.46449,0.1432,0.0453,https://everyayah.com/data/Minshawy_Murattal_128kbps/036058.mp3,4d83860c6af2a3430763362a5edc8e306e632d5bbd0dc4c9d71e6c5023d4ad4f
Minshawy_Murattal_128kbps,36,59,655.46449,661.106939,0.4372,0.0373,https://everyayah.com/data/Minshawy_Murattal_128kbps/036059.mp3,c0a0de35cd7fffcf06c8d620fe30697dbd4f80d487d4256af56fb1d6e5dcecdb
Minshawy_Murattal_128kbps,36,60,661.106939,677.668571,0.8368,0.101,https://everyayah.com/data/Minshawy_Murattal_128kbps/036060.mp3,e1c38ee3b98cde31a384168978f6a4aabe50c64223434d6c9f708466521111cc
Minshawy_Murattal_128kbps,36,61,677.668571,685.191837,0.0547,0,https://everyayah.com/data/Minshawy_Murattal_128kbps/036061.mp3,9e36252d1ea3b116fbd174f9ea0792f0050fe83509c18a1c93993d8b159d1ead
Minshawy_Murattal_128kbps,36,62,685.191837,696.346122,0.0535,0,https://everyayah.com/data/Minshawy_Murattal_128kbps/036062.mp3,bd2f87b72fd20558f13c3d70f3b06dd875ca86637575d203ebf49914f72c0a2a
Minshawy_Murattal_128kbps,36,63,696.346122,703.608163,0.0583,0,https://everyayah.com/data/Minshawy_Murattal_128kbps/036063.mp3,e8dac366859edd3affcf6f8e43593664cf512cfc85a3146d9c833f1e97b8482e
Minshawy_Murattal_128kbps,36,64,703.608163,709.825306,0.1018,0,https://everyayah.com/data/Minshawy_Murattal_128kbps/036064.mp3,38d8edfa9f4923696ea760484a9ecff6eb660ade72aa0f37843f4d7ab786655f
Minshawy_Murattal_128kbps,36,65,709.825306,726.987755,0.0637,0,https://everyayah.com/data/Minshawy_Murattal_128kbps/036065.mp3,e1384dbd8c1b4e755d40016bd895ddf06dbca74fb14a3941870fe96b6d54fa4b
Minshawy_Murattal_128kbps,36,66,726.987755,741.067755,0.1005,0,https://everyayah.com/data/Minshawy_Murattal_128kbps/036066.mp3,79349aab1a60de5ef3bab5d9b063b327f5be3e6765b30b1959f936eaa478efe8
Minshawy_Murattal_128kbps,36,67,741.067755,755.069388,0.0484,0.0253,https://everyayah.com/data/Minshawy_Murattal_128kbps/036067.mp3,f948f422cff1eb626b69621cc81717cfd12120efe2ccd270b774738903338e62
Minshawy_Murattal_128kbps,36,68,755.069388,765.23102,0.0991,0.0872,https://everyayah.com/data/Minshawy_Murattal_128kbps/036068.mp3,4ae8cde9e086ff537507d4e679d48461cfde119c7fece4692156c64673672163
Minshawy_Murattal_128kbps,36,69,765.23102,779.572245,0.4093,0.0479,https://everyayah.com/data/Minshawy_Murattal_128kbps/036069.mp3,7c7d59622290e529bc35d744989e690ccc1a8f6b50f5bae962fc5d29bae76b0e
Minshawy_Murattal_128kbps,36,70,779.572245,789.237551,0.2406,0.0536,https://everyayah.com/data/Minshawy_Murattal_128kbps/036070.mp3,bccd2280425f09498161f229254e1feccaee27c740f7b5ad764a1e563b45e75b
Minshawy_Murattal_128kbps,36,71,789.237551,804.989388,0.5349,0.2179,https://everyayah.com/data/Minshawy_Murattal_128kbps/036071.mp3,1611024c40c2d18474cd7334de70226e9f964af0c4f68f47a87fcba584529051
Minshawy_Murattal_128kbps,36,72,804.989388,814.027755,0.5785,0.1356,https://everyayah.com/data/Minshawy_Murattal_128kbps/036072.mp3,e3a60fddfad8b1a02ffd9c35f3d2131109e3f5c676d85aff641b528247b38761
Minshawy_Murattal_128kbps,36,73,814.027755,822.256327,0.3847,0.1179,https://everyayah.com/data/Minshawy_Murattal_128kbps/036073.mp3,280184f3d9a33c73642b4e192176e0d696318a2faaae4afd59d89c79f4b89530
Minshawy_Murattal_128kbps,36,74,822.256327,831.712653,0.2803,0.072,https://everyayah.com/data/Minshawy_Murattal_128kbps/036074.mp3,8e2e525d1fca35e7a053fa3441c9f8b4f6006f6e4077d8bfe4163c424f04ee6f
Minshawy_Murattal_128kbps,36,75,831.712653,841.299592,0.1194,0.2695,https://everyayah.com/data/Minshawy_Murattal_128kbps/036075.mp3,30690a241ed220fd4cebceee5edf3a44a99ea093d41c55bcc0df91548e7010d9
Minshawy_Murattal_128kbps,36,76,841.299592,852.558367,0.3394,0.0595,https://everyayah.com/data/Minshawy_Murattal_128kbps/036076.mp3,aae8779024ff413b0cde6e53339aab3fe3bd47a49a4840e13fe8986181f3efb4
Minshawy_Murattal_128kbps,36,77,852.558367,866.037551,0.3409,0.0948,https://everyayah.com/data/Minshawy_Murattal_128kbps/036077.mp3,80035405f1319e31dd155b80f9cd64b0736267ac92d085ba6323e18105415861
Minshawy_Murattal_128kbps,36,78,866.037551,877.374694,0.5169,0.0901,https://everyayah.com/data/Minshawy_Murattal_128kbps/036078.mp3,e5da75887073636405e04ba7ced2797d4abfa80f09310e29099c3ec708b61298
Minshawy_Murattal_128kbps,36,79,877.374694,891.506939,0.5397,0.0206,https://everyayah.com/data/Minshawy_Murattal_128kbps/036079.mp3,362dc391ec14b9e8000b1446d7b85bd9daaa2e6f9502a67e61bab39e50a42d40
Minshawy_Murattal_128kbps,36,80,891.506939,906.34449,0.3912,0.1607,https://everyayah.com/data/Minshawy_Murattal_128kbps/036080.mp3,35e600fae27b916e00e84982de80c141ffc688fe078b6f7aa5cc37478636afdc
Minshawy_Murattal_128kbps,36,81,906.34449,924.813061,0.7573,0.1818,https://everyayah.com/data/Minshawy_Murattal_128kbps/036081.mp3,5d5407b74bcf1a3bd48c913edf1a62cd65e057c3d52d18ec20f97edadd0be549
Minshawy_Murattal_128kbps,36,82,924.813061,939.598367,0.5083,0.1219,https://everyayah.com/data/Minshawy_Murattal_128kbps/036082.mp3,c1470cc961808f55c481827e4c1dd6a10dbe4bc0a77d57847747e92f4d87d080
Minshawy_Murattal_128kbps,36,83,939.598367,950.125714,0.1313,0.0415,https://everyayah.com/data/Minshawy_Murattal_128kbps/036083.mp3,8050c96b4eae3788c80f27dfdf22779973d84770b31c0e13aa744d63602b0ae1
Minshawy_Murattal_128kbps,55,1,0,2.246531,0.2996,0,https://everyayah.com/data/Minshawy_Murattal_128kbps/055001.mp3,56c778155b258be1f48b12a3afc9e4542a73f2a5f8af00e2ae0c20ed682ffb18
Minshawy_Murattal_128kbps,55,2,2.246531,5.668571,0.0488,0,https://everyayah.com/data/Minshawy_Murattal_128kbps/055002.mp3,bf54f50e4c3de29f49e3309342a14eda31106a4eebab971e4351ae68b1ba05bf
Minshawy_Murattal_128kbps,55,3,5.668571,9.430204,0.0498,0,https://everyayah.com/data/Minshawy_Murattal_128kbps/055003.mp3,4472cfb5f77ef11db66edd5ca54a17f1213cab9e24b1ff33aef78fbf63f597d8
Minshawy_Murattal_128kbps,55,4,9.430204,12.408163,0.0374,0,https://everyayah.com/data/Minshawy_Murattal_128kbps/055004.mp3,7e1a13185fe98336feb6717d5c595b6c01f7872853f7fa35371b2599dbc517e0
Minshawy_Murattal_128kbps,55,5,12.408163,16.979592,0.034,0,https://everyayah.com/data/Minshawy_Murattal_128kbps/055005.mp3,7dfda25c5853b9075f4f6a6fac22f0595fd17f0cd05f3822caa04c1379d9e50d
Minshawy_Murattal_128kbps,55,6,16.979592,22.073469,0.0364,0,https://everyayah.com/data/Minshawy_Murattal_128kbps/055006.mp3,2746889f22ac55f74d82e28a5a5776f5075bdd9c6d106511840658d4474114e7
Minshawy_Murattal_128kbps,55,7,22.073469,29.361633,0.0372,0.0421,https://everyayah.com/data/Minshawy_Murattal_128kbps/055007.mp3,31678028533314b0a0e9418e870a8c222a95659a761b6c18cf005cd77f733892
Minshawy_Murattal_128kbps,55,8,29.361633,33.697959,0.5761,0.0819,https://everyayah.com/data/Minshawy_Murattal_128kbps/055008.mp3,8effd27e95f1051a2d436ba3735cea57de3b7d6143690eed1e9727a9dd0621f4
Minshawy_Murattal_128kbps,55,9,33.697959,40.202449,0.0658,0,https://everyayah.com/data/Minshawy_Murattal_128kbps/055009.mp3,f42f9d9a31b248b388c96824178c3c4651bccca2248720027e5f80fb00f34fa0
Minshawy_Murattal_128kbps,55,10,40.202449,44.617143,0.1306,0,https://everyayah.com/data/Minshawy_Murattal_128kbps/055010.mp3,87e101330c2fbacad7c8515ec4def8367dd007adf5885d781f4915545e328cb0
Minshawy_Murattal_128kbps,55,11,44.617143,51.565714,0.4236,0,https://everyayah.com/data/Minshawy_Murattal_128kbps/055011.mp3,4cfe28f78a2ab26cc965a88eeb0264b5680d3ea564fa819d2b244dad98c25d23
Minshawy_Murattal_128kbps,55,12,51.565714,55.928163,0.4135,0,https://everyayah.com/data/Minshawy_Murattal_128kbps/055012.mp3,ba403ada2c821efb6121cbf62cb561b3d1b6f314bd361db4a20ca3a8f7b685e1
Minshawy_Murattal_128kbps,55,13,55.928163,62.563265,0.0533,0,https://everyayah.com/data/Minshawy_Murattal_128kbps/055013.mp3,4fe8e2acf4b6a491e385680a5065521fe287752c3d9bccb56251e906577ebf4c
Minshawy_Murattal_128kbps,55,14,62.563265,69.668571,0.0526,0,https://everyayah.com/data/Minshawy_Murattal_128kbps/055014.mp3,10d276e3848cf7651a4d9d7b9ef9365a03a4f411a9607c645f6359b9b7a1c979
Minshawy_Murattal_128kbps,55,15,69.668571,78.863673,0.0488,0,https://everyayah.com/data/Minshawy_Murattal_128kbps/055015.mp3,cd6aa1fbe25229d6603b30e452b023141363fe3ee8839bd4e40b8022e123496c
Minshawy_Murattal_128kbps,55,16,78.863673,85.707755,0.0359,0,https://everyayah.com/data/Minshawy_Murattal_128kbps/055016.mp3,9830dfc82416c2dde53011eb4535e630baa735eab56e146867edd728eefcb2d4
Minshawy_Murattal_128kbps,55,17,85.707755,90.801633,0.07,0.2736,https://everyayah.com/data/Minshawy_Murattal_128kbps/055017.mp3,c34c46e2a7435f3153b868b3816ff31da72edf35cdc23ad04d2ead73b91227c3
Minshawy_Murattal_128kbps,55,18,90.801633,97.828571,0.4397,0.0338,https://everyayah.com/data/Minshawy_Murattal_128kbps/055018.mp3,99409e76a783976dbf06dedd35033abce0d9d5e6a3707a0e3984da035bd766bc
Minshawy_Murattal_128kbps,55,19,97.828571,102.217143,0.3217,0,https://everyayah.com/data/Minshawy_Murattal_128kbps/055019.mp3,aa68c711ecfe5cb4799e84b4c9c6a71baa2cbde1d0a9d7efa5fc5dbe786203b5
Minshawy_Murattal_128kbps,55,20,102.217143,106.945306,0.058,0,https://everyayah.com/data/Minshawy_Murattal_128kbps/055020.mp3,0c0220c50d6d49762969af2c539aa5c24d74ffb83891d36545ae78f03ae0fcdd
Minshawy_Murattal_128kbps,55,21,106.945306,113.972245,0.3842,0.0285,https://everyayah.com/data/Minshawy_Murattal_128kbps/055021.mp3,6c2785e8e250b7088f11bafc5899c5e36ccf733461f874f7c3a1b25d5b918607
Minshawy_Murattal_128kbps,55,22,113.972245,118.883265,0.0555,0.0551,https://everyayah.com/data/Minshawy_Murattal_128kbps/055022.mp3,b7b14ef317b2356663f0408fef10479891b6a224682cec6890d6405e5455e0dc
Minshawy_Murattal_128kbps,55,23,118.883265,125.33551,0.2574,0,https://everyayah.com/data/Minshawy_Murattal_128kbps/055023.mp3,4f6b4d7b0db9278985c048d01820e5fbc072cbf9a87369bc30bd95d92eed29c2
Minshawy_Murattal_128kbps,55,24,125.33551,132.728163,0.5716,0.0995,https://everyayah.com/data/Minshawy_Murattal_128kbps/055024.mp3,41b6d8b0ff384ecb85db06b780c52a876a8a829b3f1a05c6e611cc7ff91357b9
Minshawy_Murattal_128kbps,55,25,132.728163,139.389388,0.2827,0.0479,https://everyayah.com/data/Minshawy_Murattal_128kbps/055025.mp3,77947742aca87eacb82d17e7d3a3727893599a12a96fe0e164ffc977c2f9fdc8
Minshawy_Murattal_128kbps,55,26,139.389388,142.968163,0.3135,0,https://everyayah.com/data/Minshawy_Murattal_128kbps/055026.mp3,a45239bdb48c7a70a8062a9819b6a1f3310b9ab78f54bf3470a395f7b3fac27f
Minshawy_Murattal_128kbps,55,27,142.968163,149.002449,0.0539,0,https://everyayah.com/data/Minshawy_Murattal_128kbps/055027.mp3,ec16f0a9c4ca8384a3f4fd322d205ec06e11b3f75f875b11c34fbf95d87f28f6
Minshawy_Murattal_128kbps,55,28,149.002449,155.454694,0.5156,0.043,https://everyayah.com/data/Minshawy_Murattal_128kbps/055028.mp3,ebb6f1a256b52454b2fc90a233055d9acc81eb476da5914b8d7b41af3ba771fe
Minshawy_Murattal_128kbps,55,29,155.454694,164.675918,0.5453,0.1106,https://everyayah.com/data/Minshawy_Murattal_128kbps/055029.mp3,f38dc127d26b41ada0d870ac8db482fb8798a20396f3b417e1908cc92e177b51
Minshawy_Murattal_128kbps,55,30,164.675918,171.781224,0.4265,0.1073,https://everyayah.com/data/Minshawy_Murattal_128kbps/055030.mp3,07846a6fa483ec5f15ef64912aa4e10d6784594505c46a4406e463d8433c7549
Minshawy_Murattal_128kbps,55,31,171.781224,176.169796,0.1051,0,https://everyayah.com/data/Minshawy_Murattal_128kbps/055031.mp3,ab020856ae66c7585754f05fe951cd47e4dbd07d94aac13e048fe2f71719941c
Minshawy_Murattal_128kbps,55,32,176.169796,183.066122,0.0506,0.0365,https://everyayah.com/data/Minshawy_Murattal_128kbps/055032.mp3,86e3c251b210ee27c12bec72673f9ca667e77e1478e056ec156c94d4d186d0aa
Minshawy_Murattal_128kbps,55,33,183.066122,203.467755,0.23,0.0477,https://everyayah.com/data/Minshawy_Murattal_128kbps/055033.mp3,50738f5e5ba472079429b636670d71bc864c75ce58dd5cd4741c2ae8ec7cf684
Minshawy_Murattal_128kbps,55,34,203.467755,210.181224,0.2413,0.0284,https://everyayah.com/data/Minshawy_Murattal_128kbps/055034.mp3,62cc05c8e85ae90f4f1a366b8033e75e7fff8d894a41b9cf0c47292fd41547f6
Minshawy_Murattal_128kbps,55,35,210.181224,221.413878,0.0819,0,https://everyayah.com/data/Minshawy_Murattal_128kbps/055035.mp3,680768d46d2cd747475d2e9d283fc08cdd27c1d3cd28d54077d23e4354d97551
Minshawy_Murattal_128kbps,55,36,221.413878,228.649796,0.7063,0.3495,https://everyayah.com/data/Minshawy_Murattal_128kbps/055036.mp3,cebc67e05eb31e426b12ea795b9bd0a4117d7c39433981f563d1a1cf23b96ca1
Minshawy_Murattal_128kbps,55,37,228.649796,238.001633,0.2286,0.0718,https://everyayah.com/data/Minshawy_Murattal_128kbps/055037.mp3,d4245f538976dc88e55e0c83e1631a4212ee6ebe6a0e488a1a5e86bdeed57bd9
Minshawy_Murattal_128kbps,55,38,238.001633,245.028571,0.647,0.0302,https://everyayah.com/data/Minshawy_Murattal_128kbps/055038.mp3,ae531f5e6d7790804d2bc6e57b3ba06a74a7371a57b020088643ae7a9ff716a0
Minshawy_Murattal_128kbps,55,39,245.028571,258.507755,0.0527,0.2964,https://everyayah.com/data/Minshawy_Murattal_128kbps/055039.mp3,6248708e0fe271f42951c57db68d76f1cdd59029a3f7ba8e8f8db399dffca8f7
Minshawy_Murattal_128kbps,55,40,258.507755,266.03102,1.3133,0.1172,https://everyayah.com/data/Minshawy_Murattal_128kbps/055040.mp3,48f170a9325160f2b7476b12b8961bec96dba937fe99848ed14773eb8278c0ad
Minshawy_Murattal_128kbps,55,41,266.03102,275.069388,0.5403,0.0746,https://everyayah.com/data/Minshawy_Murattal_128kbps/055041.mp3,dedb44f67e28a436d72a6b62d9d0a49ed4288ee3401508d36e653d313d2e6b14
Minshawy_Murattal_128kbps,55,42,275.069388,281.652245,0.5593,0.0788,https://everyayah.com/data/Minshawy_Murattal_128kbps/055042.mp3,f340560586e71d95ac39a916a7195abe849722a732072cbbc8fb1a599d6400ed
Minshawy_Murattal_128kbps,55,43,281.652245,288.679184,0.422,0.1699,https://everyayah.com/data/Minshawy_Murattal_128kbps/055043.mp3,cd7e3ebedec4523ebcf9f3815ec09c8734697149c533b15dd5f9b7730b755863
Minshawy_Murattal_128kbps,55,44,288.679184,294.896327,0.5466,0.2413,https://everyayah.com/data/Minshawy_Murattal_128kbps/055044.mp3,c6bc9c9ad34467617e6da2d266b1813a4588b48c562bc57e15244910f74cc200
Minshawy_Murattal_128kbps,55,45,294.896327,301.609796,0.277,0.0654,https://everyayah.com/data/Minshawy_Murattal_128kbps/055045.mp3,1aec5cb7a96ed41fa18396de3509e328d0fd552b8df0217cdb02e84ea1895546
Minshawy_Murattal_128kbps,55,46,301.609796,308.062041,0.5562,0.2812,https://everyayah.com/data/Minshawy_Murattal_128kbps/055046.mp3,3cfb6c99561e88f30ce4224445cd302a3af4b79284a0d45e24d5c9d2f9b65d47
Minshawy_Murattal_128kbps,55,47,308.062041,315.036735,0.1046,0.0975,https://everyayah.com/data/Minshawy_Murattal_128kbps/055047.mp3,0c52c3b04d010238a422fe6367ace0665c67823782c2cffecc78c9ae20bf0d80
Minshawy_Murattal_128kbps,55,48,315.036735,319.425306,0.1426,0.0369,https://everyayah.com/data/Minshawy_Murattal_128kbps/055048.mp3,3ba537909c028a6e8178c2da27ac2046363dcd870728e3f8d60e901395656180
Minshawy_Murattal_128kbps,55,49,319.425306,326.008163,0.3203,0,https://everyayah.com/data/Minshawy_Murattal_128kbps/055049.mp3,6badf982e8c3a6352feecc5da4dc7f8a1e8be450484e41a58a7904e492ca9aa1
Minshawy_Murattal_128kbps,55,50,326.008163,330.657959,0.5705,0.0948,https://everyayah.com/data/Minshawy_Murattal_128kbps/055050.mp3,534739327ccfb2ad5e88ab4dc8ba03fb209a18a916f3e3014e4154dacd71d9ea
Minshawy_Murattal_128kbps,55,51,330.657959,336.875102,0.0946,0.0521,https://everyayah.com/data/Minshawy_Murattal_128kbps/055051.mp3,709fb133039b17269d50820b5653860027847455957ebb39e5b8a17aee83b6ef
Minshawy_Murattal_128kbps,55,52,336.875102,343.588571,0.4226,0.0564,https://everyayah.com/data/Minshawy_Murattal_128kbps/055052.mp3,da64a29d6a3e3f825459ca743d85dcf01e706ed0eb4e1d1624aa2bbacb98edb3
Minshawy_Murattal_128kbps,55,53,343.588571,350.693878,0.335,0.1556,https://everyayah.com/data/Minshawy_Murattal_128kbps/055053.mp3,10a3ed54f0d6effef1bc03c5e844f2ae80f955db44844b7b19f828da3f21cbf5
Minshawy_Murattal_128kbps,55,54,350.693878,363.467755,0.1883,0.0307,https://everyayah.com/data/Minshawy_Murattal_128kbps/055054.mp3,553aed1bf59b617f0afeed7621046dd00490aa7732ab2044aaa2d58534b4b05c
Minshawy_Murattal_128kbps,55,55,363.467755,370.181224,0.2803,0.1049,https://everyayah.com/data/Minshawy_Murattal_128kbps/055055.mp3,6dff349ff431ef9bfd50863cf70472fe3cff8953a9a2df0400f647f55997899c
Minshawy_Murattal_128kbps,55,56,370.181224,383.817143,0.4208,0.2922,https://everyayah.com/data/Minshawy_Murattal_128kbps/055056.mp3,062fa7846c6cc928b6bc68eab8e61fa0b80e6c533614589e7f340c899ea58055
Minshawy_Murattal_128kbps,55,57,383.817143,391.732245,1.2372,0.174,https://everyayah.com/data/Minshawy_Murattal_128kbps/055057.mp3,f5147bcbb283e7d4d8b28cf5a23bf1ef63eb44deb1b5e80bebdbd9d2089de4f2
Minshawy_Murattal_128kbps,55,58,391.732245,398.236735,0.5315,0.3761,https://everyayah.com/data/Minshawy_Murattal_128kbps/055058.mp3,6b9b4485c6d362d919755d7ff54be66e5626e2c36eb083b21c294dfd41249ff1
Minshawy_Murattal_128kbps,55,59,398.236735,404.871837,0.0887,0,https://everyayah.com/data/Minshawy_Murattal_128kbps/055059.mp3,0784e7e942d0cc3205c414d707b6d76353163ee48bdbfcf9ba114831f4924ff0
Minshawy_Murattal_128kbps,55,60,404.871837,411.846531,0.0348,0.0644,https://everyayah.com/data/Minshawy_Murattal_128kbps/055060.mp3,3990ba37154d8e8534f873ccbac176522e8221a6e1371c917b9856bdfe646d66
Minshawy_Murattal_128kbps,55,61,411.846531,418.612245,0.5032,0.1476,https://everyayah.com/data/Minshawy_Murattal_128kbps/055061.mp3,85c9f891ca89ed3a72fc859649901e4a78985c9857ea29fb014202123300626f
Minshawy_Murattal_128kbps,55,62,418.612245,423.523265,0.3201,0.0339,https://everyayah.com/data/Minshawy_Murattal_128kbps/055062.mp3,5441cac08128cb96521bf248cd9c740428a2b1630d71f4a856622004c440710e
Minshawy_Murattal_128kbps,55,63,423.523265,429.792653,0.0436,0.2578,https://everyayah.com/data/Minshawy_Murattal_128kbps/055063.mp3,83b8500f8f2038c8a7f109f3516ecdf4732f353d665ab9c4f3d2d262d3bf0edc
Minshawy_Murattal_128kbps,55,64,429.792653,435.278367,0.2439,0.0626,https://everyayah.com/data/Minshawy_Murattal_128kbps/055064.mp3,327adfee9e654f3140d0f67de5d53e5c69c89aea7e3ce2300e4d0db0806d1cb0
Minshawy_Murattal_128kbps,55,65,435.278367,441.965714,0.3077,0.1609,https://everyayah.com/data/Minshawy_Murattal_128kbps/055065.mp3,33b64613e5f537266f164dd69c0d626c89cbabb3f9b9269413529e0ccde793db
Minshawy_Murattal_128kbps,55,66,441.965714,446.798367,0.3905,0.0991,https://everyayah.com/data/Minshawy_Murattal_128kbps/055066.mp3,b2e64d61666012970f04bd34d41ea0472035d15c4c43a9dea5dfbdddb9a1d8a4
Minshawy_Murattal_128kbps,55,67,446.798367,453.32898,0.2425,0.1035,https://everyayah.com/data/Minshawy_Murattal_128kbps/055067.mp3,2cbd7cb715076d13310ec3bca81b144c4dd736ff96d3448a97e24382ec6803db
Minshawy_Murattal_128kbps,55,68,453.32898,460.355918,0.2869,0.0443,https://everyayah.com/data/Minshawy_Murattal_128kbps/055068.mp3,da6265be0f839a1d4a3bd7298950f41500da9312bc3b327cc122d44ae55a5aa3
Minshawy_Murattal_128kbps,55,69,460.355918,467.2,0.0385,0.2825,https://everyayah.com/data/Minshawy_Murattal_128kbps/055069.mp3,84bd53350f856bac6171d653383e87bda156703db1b16014961aa4a124ffdc6c
Minshawy_Murattal_128kbps,55,70,467.2,471.849796,0.2374,0.1497,https://everyayah.com/data/Minshawy_Murattal_128kbps/055070.mp3,6bf823f4978ee4d6de919c408773f5c43f0580e5c7ce994c4b960454029fd4fa
Minshawy_Murattal_128kbps,55,71,471.849796,478.119184,0.1193,0.1562,https://everyayah.com/data/Minshawy_Murattal_128kbps/055071.mp3,50b8da81ec3278a3711d7d2b649f490fd36ebc471757e52030764afa4223767f
Minshawy_Murattal_128kbps,55,72,478.119184,484.336327,0.7051,0.026,https://everyayah.com/data/Minshawy_Murattal_128kbps/055072.mp3,c6ade4738cb565f73f48336d3621b20bf7eb0973fdbe30ea9fe024a9234c4c9a
Minshawy_Murattal_128kbps,55,73,484.336327,490.866939,0.5706,0.1181,https://everyayah.com/data/Minshawy_Murattal_128kbps/055073.mp3,794fcd9af1b1c8e175504382209d6d4caa332031302cb9a9ba5bff5249aebc27
Minshawy_Murattal_128kbps,55,74,490.866939,500.715102,0.565,0.4942,https://everyayah.com/data/Minshawy_Murattal_128kbps/055074.mp3,def1bc481504c84d9a747ca23260d32669d322790da856c67b40d246aeb56eb1
Minshawy_Murattal_128kbps,55,75,500.715102,507.585306,0.8249,0.1141,https://everyayah.com/data/Minshawy_Murattal_128kbps/055075.mp3,fb779a037743bb161f71ec01e54c32635d2c2d57030081739a3a77f5ed7745cf
Minshawy_Murattal_128kbps,55,76,507.585306,516.022857,0.6793,0.0366,https://everyayah.com/data/Minshawy_Murattal_128kbps/055076.mp3,3c9700d3e3aed6ca3991aabe51043552546b6d81f03e2916487cb51528091ff1
Minshawy_Murattal_128kbps,55,77,516.022857,522.475102,0.5023,0.0547,https://everyayah.com/data/Minshawy_Murattal_128kbps/055077.mp3,65b7b720b7fa5fd7de86c55a154d069194f607d0cbb5e68fc429263def5e77c9
Minshawy_Murattal_128kbps,55,78,522.475102,528.326531,0.46,0.0915,https://everyayah.com/data/Minshawy_Murattal_128kbps/055078.mp3,3482262058d963824be7dd4c607fd120376bb7839bc0f2aeb239392ceadcf613
Minshawy_Murattal_128kbps,56,1,0,3.395918,0.3004,0,https://everyayah.com/data/Minshawy_Murattal_128kbps/056001.mp3,ee9d1378d583dc01aa64f4a50871c9922dc64d4a68294be74b3ee03e98334f97
Minshawy_Murattal_128kbps,56,2,3.395918,7.653878,0.0495,0,https://everyayah.com/data/Minshawy_Murattal_128kbps/056002.mp3,ce1614d42200451196efe2baddf59d5bb6f407a88201941c0b3a75c61743b97f
Minshawy_Murattal_128kbps,56,3,7.653878,11.258776,0.0364,0,https://everyayah.com/data/Minshawy_Murattal_128kbps/056003.mp3,b4e92915b75305d1f67ac58848777011c198029a4bbce58a396377fe400b1cb7
Minshawy_Murattal_128kbps,56,4,11.258776,15.751837,0.052,0,https://everyayah.com/data/Minshawy_Murattal_128kbps/056004.mp3,62d24cf32f1a28c152b5cd4ce55ed137c9736add95aa7347342e04fdd7de5125
Minshawy_Murattal_128kbps,56,5,15.751837,19.774694,0.0365,0,https://everyayah.com/data/Minshawy_Murattal_128kbps/056005.mp3,b46db6b6ba58ac6deefdbe7509cc03f6f23ac6e5ebdabf9abeb17196b65cd123
Minshawy_Murattal_128kbps,56,6,19.774694,26.305306,0.0516,0,https://everyayah.com/data/Minshawy_Murattal_128kbps/056006.mp3,d94beab074cf72fab6ced8d05980c21fab4e604c206cc6916fbc1196877b2ca8
Minshawy_Murattal_128kbps,56,7,26.305306,31.89551,0.0377,0,https://everyayah.com/data/Minshawy_Murattal_128kbps/056007.mp3,86ca2a2ed0d12a47573542a1c4d9014de39d6ba05e04841f39a09424589eb34d
Minshawy_Murattal_128kbps,56,8,31.89551,39.105306,0.0538,0,https://everyayah.com/data/Minshawy_Murattal_128kbps/056008.mp3,26e65650b827704e28986325171e4420b405ede3cfb262b0a529cd4cd7bf82d7
Minshawy_Murattal_128kbps,56,9,39.105306,46.811429,0.035,0.0503,https://everyayah.com/data/Minshawy_Murattal_128kbps/056009.mp3,a4799151ecd430641f10a4783ebfb6d4ed7ec8a6e85efc702a38178717de7f76
Minshawy_Murattal_128kbps,56,10,46.811429,51.487347,0.6021,0.1322,https://everyayah.com/data/Minshawy_Murattal_128kbps/056010.mp3,039aea554532d287424164a13c3152028a6c87ed2a4f213405401ee1d874d7e0
Minshawy_Murattal_128kbps,56,11,51.487347,56.502857,0.562,0.0235,https://everyayah.com/data/Minshawy_Murattal_128kbps/056011.mp3,63825178ae9980fc4aa5499c04b3504d29100b4a74a7cb6160f6542936348aef
Minshawy_Murattal_128kbps,56,12,56.502857,61.466122,0.0616,0.4494,https://everyayah.com/data/Minshawy_Murattal_128kbps/056012.mp3,3c50b11c8ff218f1466d538d98417e7bf23200b69dd66b665e85ca136dc559bb
Minshawy_Murattal_128kbps,56,13,61.466122,65.802449,0.2115,0,https://everyayah.com/data/Minshawy_Murattal_128kbps/056013.mp3,79046f6fe65c5a79fe57900f270ccfb60b5bf5b7415cae93c11ab5ab2fa2a013
Minshawy_Murattal_128kbps,56,14,65.802449,70.948571,0.5587,0.408,https://everyayah.com/data/Minshawy_Murattal_128kbps/056014.mp3,ca20fa0cbad16c0e2856f3e6b814038ba0a5e59bf3158078afe4a1ab20f3e287
Minshawy_Murattal_128kbps,56,15,70.948571,75.232653,0.3317,0,https://everyayah.com/data/Minshawy_Murattal_128kbps/056015.mp3,35ab944faf516f19744a14911535b0606a125bab36d4c8c1242648db03ac1546
Minshawy_Murattal_128kbps,56,16,75.232653,81.319184,0.0551,0.5201,https://everyayah.com/data/Minshawy_Murattal_128kbps/056016.mp3,96e3b70378fa1efbe3ff09175eebeabfea0a3b27625d1a6f0de488786cc14b0f
Minshawy_Murattal_128kbps,56,17,81.319184,88.21551,0.7103,0.1255,https://everyayah.com/data/Minshawy_Murattal_128kbps/056017.mp3,513b42c0a5be6497ed0f30267bccdf6189b85956db396cd10709a71aee9d9601
Minshawy_Murattal_128kbps,56,18,88.21551,96.809796,0.2656,0.387,https://everyayah.com/data/Minshawy_Murattal_128kbps/056018.mp3,604a3a5f1ac380e3d09754ec3e4b6e05592fe718d60add6a554d736b2c98c43a
Minshawy_Murattal_128kbps,56,19,96.809796,103.392653,0.3681,0.2861,https://everyayah.com/data/Minshawy_Murattal_128kbps/056019.mp3,fce19a095582e8b73be73a6e1923394bf2b61019cc3adba42800b3a198a731e0
Minshawy_Murattal_128kbps,56,20,103.392653,110.367347,0.4758,0.2173,https://everyayah.com/data/Minshawy_Murattal_128kbps/056020.mp3,8432473bd4e04c93a4f2e5ae0b09fd43d262d0ac6c1b87596dc3700284cf1915
Minshawy_Murattal_128kbps,56,21,110.367347,116.401633,0.3089,0.2654,https://everyayah.com/data/Minshawy_Murattal_128kbps/056021.mp3,c3e8a4bb86cba3614569c510df6b13a8b7845e97e7592fdc3a7e911b8eabeacf
Minshawy_Murattal_128kbps,56,22,116.401633,119.14449,0.2573,0.2265,https://everyayah.com/data/Minshawy_Murattal_128kbps/056022.mp3,12473f95ad33c31112c6bd344d8edb95f63c3bf8362cab7cb236264ec7d0932b
Minshawy_Murattal_128kbps,56,23,119.14449,124.186122,0.2678,0.1632,https://everyayah.com/data/Minshawy_Murattal_128kbps/056023.mp3,4c722ed615c2e59ce54fa157c372d064c78be4cdc646709ee32a30b293959535
Minshawy_Murattal_128kbps,56,24,124.186122,131.918367,1.1852,0.0247,https://everyayah.com/data/Minshawy_Murattal_128kbps/056024.mp3,8f87287ac3887f69b45d87f1b1fa98ae1d020f9dbc924ae8c9d9c8cad1a2a07c
Minshawy_Murattal_128kbps,56,25,131.918367,140.120816,0.7199,0,https://everyayah.com/data/Minshawy_Murattal_128kbps/056025.mp3,eac291d988de1953ddeac03793ec462bcad750dc01f6f940729e4074227a759b
Minshawy_Murattal_128kbps,56,26,140.120816,146.834286,0.0482,0,https://everyayah.com/data/Minshawy_Murattal_128kbps/056026.mp3,e61f7b1ca45c77cbc3d443954f120a2ba9812b19feecfc657aee327c6daa2863
Minshawy_Murattal_128kbps,56,27,146.834286,154.566531,0.0519,0.2233,https://everyayah.com/data/Minshawy_Murattal_128kbps/056027.mp3,0f892aa6e17d78c9481bf1231eb44860fff22b7943f04e5d711d7a2f7be8d148
Minshawy_Murattal_128kbps,56,28,154.566531,158.82449,0.4126,0.1578,https://everyayah.com/data/Minshawy_Murattal_128kbps/056028.mp3,385480786986a6a31b83401b79f85e42352b770343d3549fb3fa5feb4e91f957
Minshawy_Murattal_128kbps,56,29,158.82449,163.160816,0.359,0.1035,https://everyayah.com/data/Minshawy_Murattal_128kbps/056029.mp3,6a8b920a76cee0ccf7b0a3947979256821897ce01b6149080d0ad20aa6201646
Minshawy_Murattal_128kbps,56,30,163.160816,167.000816,0.4382,0,https://everyayah.com/data/Minshawy_Murattal_128kbps/056030.mp3,514dfcbb0e11813fd8ee4e39d2c87ba5d5e06a3c5d217c3f8bcb222004c5f54f
Minshawy_Murattal_128kbps,56,31,167.000816,172.277551,0.0602,0.0575,https://everyayah.com/data/Minshawy_Murattal_128kbps/056031.mp3,05d8db89c6f294273a2b001a8fa78e6cb9d946da7915d5eaa42842a38f5b3ab1
Minshawy_Murattal_128kbps,56,32,172.277551,176.404898,0.3088,0,https://everyayah.com/data/Minshawy_Murattal_128kbps/056032.mp3,a7c76c1529dcefe5013bf632ed04b585f0b3fe8c7a8acdf1dc23aff7bac77f14
Minshawy_Murattal_128kbps,56,33,176.404898,182.073469,0.0682,0,https://everyayah.com/data/Minshawy_Murattal_128kbps/056033.mp3,64ba0e4ee53791a09a5638e0709ed6df2bb7057ceb4de7ef4d633c1855163d31
Minshawy_Murattal_128kbps,56,34,182.073469,185.991837,0.0468,0,https://everyayah.com/data/Minshawy_Murattal_128kbps/056034.mp3,4dd8a83110bd7b9b0a0cb9b896b51396561ea7456af11c1523caef5445c7f25c
Minshawy_Murattal_128kbps,56,35,185.991837,196.571429,0.0517,0,https://everyayah.com/data/Minshawy_Murattal_128kbps/056035.mp3,5a25c4c6fc201be29f0ce84c73f32738d4ec7115ceadbc90e4269a101940710e
Minshawy_Murattal_128kbps,56,36,196.571429,201.665306,0.0505,0,https://everyayah.com/data/Minshawy_Murattal_128kbps/056036.mp3,c17d1b3b789fe395343fa2e96b8b02ca21adbfd28408a60d3361142dfefc5659
Minshawy_Murattal_128kbps,56,37,201.665306,205.113469,0.0478,0,https://everyayah.com/data/Minshawy_Murattal_128kbps/056037.mp3,dbebc9b91e55d20234083ed7d1861fbb7c844dc42668b417e8cdd8267de0ffe7
Minshawy_Murattal_128kbps,56,38,205.113469,208.561633,0.0544,0.2057,https://everyayah.com/data/Minshawy_Murattal_128kbps/056038.mp3,7613d9480cbfe1a2c0ceb8b282b9bf9accb25f7b8f01e7e8879a9237c9e9c102
Minshawy_Murattal_128kbps,56,39,208.561633,213.420408,0.4366,0.1524,https://everyayah.com/data/Minshawy_Murattal_128kbps/056039.mp3,cfdd97c9e836af8f7e32be095302109552e7193f19b0b39bdbd1d99174335f07
Minshawy_Murattal_128kbps,56,40,213.420408,218.383673,0.2486,0.3399,https://everyayah.com/data/Minshawy_Murattal_128kbps/056040.mp3,f43ad437181d3d3389a88568970c13b33961e3044548531a6583840d345b53e0
Minshawy_Murattal_128kbps,56,41,218.383673,225.985306,0.3081,0.0353,https://everyayah.com/data/Minshawy_Murattal_128kbps/056041.mp3,4d0342734f0e785b515af8563d50cd74eb51c558d708b903cbd7973cc7ade698
Minshawy_Murattal_128kbps,56,42,225.985306,230.138776,0.0577,0.2453,https://everyayah.com/data/Minshawy_Murattal_128kbps/056042.mp3,e865f09c5ba50b6fca6ae52aa0c30f2d3ebd6f2e149c6f8217a0354fec6dac6d
Minshawy_Murattal_128kbps,56,43,230.138776,234.710204,0.2413,0.059,https://everyayah.com/data/Minshawy_Murattal_128kbps/056043.mp3,76799af4d569e0b68dc6dec27ef3f7733b9eaa0aac3cc6abf44d7ad4b92cdafc
Minshawy_Murattal_128kbps,56,44,234.710204,239.490612,0.0961,0.247,https://everyayah.com/data/Minshawy_Murattal_128kbps/056044.mp3,bf4a0a7b8cd60f94fd29d755e28a24424af663390b74be8bd7721bbf0b6c65b9
Minshawy_Murattal_128kbps,56,45,239.490612,246.517551,0.3892,0.3392,https://everyayah.com/data/Minshawy_Murattal_128kbps/056045.mp3,fea8dd3f3247f1927cc4a366afe2acbcde9c4061ab05f6753704142c38345e24
Minshawy_Murattal_128kbps,56,46,246.517551,253.23102,0.2225,0.1005,https://everyayah.com/data/Minshawy_Murattal_128kbps/056046.mp3,847f8aa7e581c8f66d477c01f417238c9595b1e46b50c085b78e316fa563e034
Minshawy_Murattal_128kbps,56,47,253.23102,268.068571,0.48,0.28,https://everyayah.com/data/Minshawy_Murattal_128kbps/056047.mp3,8676a06a1ef46b9f904af2a88f92fc507db95d78c3bb4542dba2781e127d5727
Minshawy_Murattal_128kbps,56,48,268.068571,274.416327,0.7457,0.4284,https://everyayah.com/data/Minshawy_Murattal_128kbps/056048.mp3,6cc53fe238db9eab97d23d68b5f5e7c56a726e52b068f6b6033cefc179ad585f
Minshawy_Murattal_128kbps,56,49,274.416327,280.999184,0.3829,0.1665,https://everyayah.com/data/Minshawy_Murattal_128kbps/056049.mp3,81c95694c48a93a68bebf30aa23803287d24104df371fe66d9deb69e7229211d
Minshawy_Murattal_128kbps,56,50,280.999184,288.783673,0.4286,0.0897,https://everyayah.com/data/Minshawy_Murattal_128kbps/056050.mp3,73d20172c6f18507427b7d6342c6d93e4ad0520cc9d61d554fc910b887db4ad6
Minshawy_Murattal_128kbps,56,51,288.783673,300.042449,0.843,0.2259,https://everyayah.com/data/Minshawy_Murattal_128kbps/056051.mp3,193f47ff34e158871291d9db82e1ebef33a3a457474aa766185881bd08b5a218
Minshawy_Murattal_128kbps,56,52,300.042449,307.696327,0.4896,0.1849,https://everyayah.com/data/Minshawy_Murattal_128kbps/056052.mp3,f3df744920cf946b63cd3be3e0e3b9056bbde3c4dd3c116c51132e33cfdbd1c6
Minshawy_Murattal_128kbps,56,53,307.696327,312.659592,0.9764,0.0768,https://everyayah.com/data/Minshawy_Murattal_128kbps/056053.mp3,3d888f8ac0cb2746a6abd40e64f5bcbcf6228b710c1ef9a7b5736ae052d647d3
Minshawy_Murattal_128kbps,56,54,312.659592,318.197551,0.6989,0.3173,https://everyayah.com/data/Minshawy_Murattal_128kbps/056054.mp3,cd717a2a829c64794147b3f781647cfb2a33ee715d9f7ea0613fc3b9fe41132f
Minshawy_Murattal_128kbps,56,55,318.197551,322.45551,0.4123,0.4059,https://everyayah.com/data/Minshawy_Murattal_128kbps/056055.mp3,bd7e5857c6edd28f988fe4c8648cfa32efe34ca203a7757cc09b01d016041ad4
Minshawy_Murattal_128kbps,56,56,322.45551,327.183673,0.3463,0.3569,https://everyayah.com/data/Minshawy_Murattal_128kbps/056056.mp3,5ce2e1d537cc8bf7ea7cb8630a836ee89b51f595c70acf1ae6a26c9a50127561
Minshawy_Murattal_128kbps,56,57,327.183673,333.400816,0.3484,0.3768,https://everyayah.com/data/Minshawy_Murattal_128kbps/056057.mp3,c4a87490b0e39f9a1631613c261d65772a27a6f6e911e4023dd4fea68f0b1f5f
Minshawy_Murattal_128kbps,56,58,333.400816,338.233469,0.5549,0.0611,https://everyayah.com/data/Minshawy_Murattal_128kbps/056058.mp3,4074898e9659afdfe07007ba145cd9458ceebf0397c6f8d2b7bfa5ef50f3c8e5
Minshawy_Murattal_128kbps,56,59,338.233469,347.271837,0.4272,0.3515,https://everyayah.com/data/Minshawy_Murattal_128kbps/056059.mp3,664cec95a12d5470c0c492a2d662c7529e022d25973c6a68a01b6f1356f145ee
Minshawy_Murattal_128kbps,56,60,347.271837,356.597551,0.4738,0.4036,https://everyayah.com/data/Minshawy_Murattal_128kbps/056060.mp3,5b4528bf95bd092e8ebccb4955473bb87dad6d533c3b0bc8a37cf38b420bc791
Minshawy_Murattal_128kbps,56,61,356.597551,368.953469,0.3599,0.4592,https://everyayah.com/data/Minshawy_Murattal_128kbps/056061.mp3,839574a9adc47e237ac76881d44ee45c9abafcca8ee0fd76cca1614b112ca537
Minshawy_Murattal_128kbps,56,62,368.953469,378.279184,0.4657,0.2623,https://everyayah.com/data/Minshawy_Murattal_128kbps/056062.mp3,dd15add8704aba0e9f8c10d89bd1f2690605ed6dac8e19da85f3898aee26aeae
Minshawy_Murattal_128kbps,56,63,378.279184,384.10449,0.6495,0.2912,https://everyayah.com/data/Minshawy_Murattal_128kbps/056063.mp3,53e8449b332c676f2ab112d67df7062023f33d255920dbaa33c0917de195784e
Minshawy_Murattal_128kbps,56,64,384.10449,393.090612,0.3283,0.3134,https://everyayah.com/data/Minshawy_Murattal_128kbps/056064.mp3,a602568226f3253bc64af83a3f20f366d362a1f20ceb120be2332c378caf5610
Minshawy_Murattal_128kbps,56,65,393.090612,403.670204,0.3134,0.7305,https://everyayah.com/data/Minshawy_Murattal_128kbps/056065.mp3,2cf235adaf49e2d75a3c981a851cdd5a5f236d25174900874be8e1f42e52c746
Minshawy_Murattal_128kbps,56,66,403.670204,407.875918,0.2694,0.1263,https://everyayah.com/data/Minshawy_Murattal_128kbps/056066.mp3,5cf25bd2ff8af37ece94f29324a14bcdf115938ab25e7c414de457617257f4f9
Minshawy_Murattal_128kbps,56,67,407.875918,411.977143,0.3157,0.2768,https://everyayah.com/data/Minshawy_Murattal_128kbps/056067.mp3,a52a1ef117237bac1420017671936b2f2341be9fcef45de8dc84431292806e99
Minshawy_Murattal_128kbps,56,68,411.977143,419.369796,0.3852,0.2057,https://everyayah.com/data/Minshawy_Murattal_128kbps/056068.mp3,f2b4f26d5422116aee8b3bcdca26e6620bbf2e55aacc80e525f7ffe31e880169
Minshawy_Murattal_128kbps,56,69,419.369796,429.792653,0.4339,0.3574,https://everyayah.com/data/Minshawy_Murattal_128kbps/056069.mp3,f15daa1a8318eaf1153f5a77ac23a55f33fe6ab3b537ec2fc0c09d6d0f90716e
Minshawy_Murattal_128kbps,56,70,429.792653,439.431837,0.5429,0.5309,https://everyayah.com/data/Minshawy_Murattal_128kbps/056070.mp3,9f090a4989a75cc1a86bd1d31f06c657761a9b0619cac13c588248a9b225631f
Minshawy_Murattal_128kbps,56,71,439.431837,446.432653,0.703,0.3087,https://everyayah.com/data/Minshawy_Murattal_128kbps/056071.mp3,10677eb5b0d9bc760170eb126c9f81978628143d7e543130992eb84099f6e598
Minshawy_Murattal_128kbps,56,72,446.432653,457.717551,0.3583,0.2805,https://everyayah.com/data/Minshawy_Murattal_128kbps/056072.mp3,a6bbf430d22b892d30cfebc25eaf863a7ffcd1a748b7d1fdee0d0d0b1fab5949
Minshawy_Murattal_128kbps,56,73,457.717551,466.755918,0.5764,0.3337,https://everyayah.com/data/Minshawy_Murattal_128kbps/056073.mp3,8e7296530c83d2b74c99d1f3d36fac57108f0dc49d689729e2dbd38e639f4dd9
Minshawy_Murattal_128kbps,56,74,466.755918,472.032653,0.3744,0.4736,https://everyayah.com/data/Minshawy_Murattal_128kbps/056074.mp3,234e6a71595b6b417f4703f2f39fe05fa2e2ee0e67f4a9dd02102792bf039a26
Minshawy_Murattal_128kbps,56,75,472.032653,479.137959,0.3109,0.2487,https://everyayah.com/data/Minshawy_Murattal_128kbps/056075.mp3,a2332ee9647f374cac15e57a5427ec8beb64180dc55164a51812c89f4830b638
Minshawy_Murattal_128kbps,56,76,479.137959,486.556735,0.3271,0.5492,https://everyayah.com/data/Minshawy_Murattal_128kbps/056076.mp3,c8eb6706ab55d42fc989b932affa6f3554bccb99aa9e9f23f4e183fad9088944
Minshawy_Murattal_128kbps,56,77,486.556735,493.113469,0.7896,0.5259,https://everyayah.com/data/Minshawy_Murattal_128kbps/056077.mp3,934c9c7c92ec0edcfd5b41d6403ed00949fd38edb5f3ab3fbb369e19ccea04cb
Minshawy_Murattal_128kbps,56,78,493.113469,497.684898,0.259,0.3185,https://everyayah.com/data/Minshawy_Murattal_128kbps/056078.mp3,1b45acbb25d606503370846a8cfe128d2fb454c3bddbe15856065fcf25399011
Minshawy_Murattal_128kbps,56,79,497.684898,504.476735,0.3071,0.1748,https://everyayah.com/data/Minshawy_Murattal_128kbps/056079.mp3,d7920a3e637a6ebe4af599754582d2d52aea4f0c88b5472136b30a71951e25b0
Minshawy_Murattal_128kbps,56,80,504.476735,510.876735,0.2918,0.4406,https://everyayah.com/data/Minshawy_Murattal_128kbps/056080.mp3,3fb330bd996f042ec2b369fc170184a6dbab3890965c1a51c77735fff34dd3f5
Minshawy_Murattal_128kbps,56,81,510.876735,518.347755,0.5544,0.2888,https://everyayah.com/data/Minshawy_Murattal_128kbps/056081.mp3,5ab197963f81f89c869b8eb5fa1812775f891fae286ae7485512011229b3353b
Minshawy_Murattal_128kbps,56,82,518.347755,525.923265,0.3071,0.5839,https://everyayah.com/data/Minshawy_Murattal_128kbps/056082.mp3,12779afe19426a71b7f8c94f251fd0ec123eb934d96c70fa858add7b291d8403
Minshawy_Murattal_128kbps,56,83,525.923265,532.58449,0.2113,0.2661,https://everyayah.com/data/Minshawy_Murattal_128kbps/056083.mp3,f6bb410b383323f526d26bade87d05d11a4b352fb78583183545ad558ca61806
Minshawy_Murattal_128kbps,56,84,532.58449,539.611429,0.2698,0.3574,https://everyayah.com/data/Minshawy_Murattal_128kbps/056084.mp3,f9cedc3a9b2e7210ae06b39ed2642157eb3311564376cf572f65ab31f2ef4c92
Minshawy_Murattal_128kbps,56,85,539.611429,548.127347,0.2799,0.4345,https://everyayah.com/data/Minshawy_Murattal_128kbps/056085.mp3,02a9a2d15dc58f54e671778ef076c39fd5790773024ebbdbc193b26d39332873
Minshawy_Murattal_128kbps,56,86,548.127347,556.59102,0.5191,0.2659,https://everyayah.com/data/Minshawy_Murattal_128kbps/056086.mp3,a013dcb5791ace35dc7e229226020e38fa8fe6ed72c0159fd93f5fbb3c294463
Minshawy_Murattal_128kbps,56,87,556.59102,564.68898,0.4254,0.2801,https://everyayah.com/data/Minshawy_Murattal_128kbps/056087.mp3,8da34efd9e26b4cc7c408ce5d3576a4d755568304e12a33d9805ac5f6ad57280
Minshawy_Murattal_128kbps,56,88,564.68898,572.891429,0.422,0.2613,https://everyayah.com/data/Minshawy_Murattal_128kbps/056088.mp3,e996715243cd294ad1e84c3fa166913badfc9eeb2364dbd47416dded15ae554d
Minshawy_Murattal_128kbps,56,89,572.891429,580.493061,0.3702,0.425,https://everyayah.com/data/Minshawy_Murattal_128kbps/056089.mp3,5107ec61a1da02444ac31de52b44113d517e02eab58e3478e9789543640feefd
Minshawy_Murattal_128kbps,56,90,580.493061,589.087347,0.3985,0.3474,https://everyayah.com/data/Minshawy_Murattal_128kbps/056090.mp3,538dab49cdacbeb95c5535fb77c360a23f08fd42b3b529196ff72b411746c18c
Minshawy_Murattal_128kbps,56,91,589.087347,595.043265,0.3264,0.6934,https://everyayah.com/data/Minshawy_Murattal_128kbps/056091.mp3,baabe6c0bd53693670425c50b660422783395f9aa2ccd36aca1281154407ac07
Minshawy_Murattal_128kbps,56,92,595.043265,606.563265,0.1292,0.513,https://everyayah.com/data/Minshawy_Murattal_128kbps/056092.mp3,5fe56fb79059379f847d9f83f83201a940a6dce4a3ff7e35903a7a27f36e76b9
Minshawy_Murattal_128kbps,56,93,606.563265,610.66449,0.4575,0.2963,https://everyayah.com/data/Minshawy_Murattal_128kbps/056093.mp3,e883a37cabbadb84f469ee143dd810a60cd82e99ab2b91e65c1f2518a722585a
Minshawy_Murattal_128kbps,56,94,610.66449,613.877551,0.161,0.4593,https://everyayah.com/data/Minshawy_Murattal_128kbps/056094.mp3,785b299620441be462a071fc96dc15fa12dbfdc8bbf725989dc7b13a99c764ab
Minshawy_Murattal_128kbps,56,95,613.877551,619.650612,0.2286,0.2973,https://everyayah.com/data/Minshawy_Murattal_128kbps/056095.mp3,42ce9219322538c95d51ba630eee2b83dd2a595494c0795c30e8949b4a8c6d4b
Minshawy_Murattal_128kbps,56,96,619.650612,624.796735,0.4328,0.3938,https://everyayah.com/data/Minshawy_Murattal_128kbps/056096.mp3,f354a94b61d258fd92b2584d232e7d3dd138f1046775eededf3739eeaf436d61
Minshawy_Murattal_128kbps,67,1,0,9.586939,0.449,0.439,https://everyayah.com/data/Minshawy_Murattal_128kbps/067001.mp3,2e8b51390a7b36bbd9cd62f742abb045418846922eb1162047ad42760fe2d16d
Minshawy_Murattal_128kbps,67,2,9.586939,22.622041,0.6232,0.2819,https://everyayah.com/data/Minshawy_Murattal_128kbps/067002.mp3,cfeca03538a767fd64ce2855f0f6f4cfb72e1fd73aa83395356bcbe9aa9de925
Minshawy_Murattal_128kbps,67,3,22.622041,41.586939,0.7017,0.3768,https://everyayah.com/data/Minshawy_Murattal_128kbps/067003.mp3,d7385c7797a9d8cd6341b5b8e5538f32a70aca57dc9c3c74d69b9940730ee7c6
Minshawy_Murattal_128kbps,67,4,41.586939,53.237551,0.5682,0.219,https://everyayah.com/data/Minshawy_Murattal_128kbps/067004.mp3,f12bb3bea91ea2e8653f7c2fe00fa4be1ef5cf7982111842eb3671381fac90b6
Minshawy_Murattal_128kbps,67,5,53.237551,72.333061,0.966,0.311,https://everyayah.com/data/Minshawy_Murattal_128kbps/067005.mp3,f98f24fe7e68011074754beadd7d11d19bfff8c15d1fba58900cb8294487b18d
Minshawy_Murattal_128kbps,67,6,72.333061,82.546939,0.4325,0.2783,https://everyayah.com/data/Minshawy_Murattal_128kbps/067006.mp3,d204b5e9dd0701002ab465234764ffd59737232b9b03f33b91e4558c31a00eda
Minshawy_Murattal_128kbps,67,7,82.546939,92.36898,0.357,0.33,https://everyayah.com/data/Minshawy_Murattal_128kbps/067007.mp3,417204c791f4f02c47bb99e5b4dbcb0dedc085d104a6d75e99893c5028c10864
Minshawy_Murattal_128kbps,67,8,92.36898,109.949388,0.5188,0.4341,https://everyayah.com/data/Minshawy_Murattal_128kbps/067008.mp3,7145647c227a8ebd83d2f2bc50156d1268e6aaaec9a37c2c489a79005ba7f2ce
Minshawy_Murattal_128kbps,67,9,109.949388,129.750204,0.5725,0.6181,https://everyayah.com/data/Minshawy_Murattal_128kbps/067009.mp3,af486e4f6590cbb7db06828e3dde7f8402dffbd4533f1fa697dfc2620fe3e896
Minshawy_Murattal_128kbps,67,10,129.750204,141.714286,0.6144,0.2538,https://everyayah.com/data/Minshawy_Murattal_128kbps/067010.mp3,e8166870d627ad4884b9450f1db2bd3eaa1237dc15a4ae357f2d958433d7e070
Minshawy_Murattal_128kbps,67,11,141.714286,150.282449,0.3868,0.3993,https://everyayah.com/data/Minshawy_Murattal_128kbps/067011.mp3,6abee055f05411b848a30303ea2b234b816c693000b2a3f98c9764519cc011e5
Minshawy_Murattal_128kbps,67,12,150.282449,163.448163,0.7031,0.4439,https://everyayah.com/data/Minshawy_Murattal_128kbps/067012.mp3,975915bd62045dd44b7bc3a5fcdd4c3ec57475ae67011b64ad281a1fd8e1c566
Minshawy_Murattal_128kbps,67,13,163.448163,174.785306,0.5646,0.4831,https://everyayah.com/data/Minshawy_Murattal_128kbps/067013.mp3,76c75d478467de844adb96d58171df55b57001e4d57736675c55339b962fcc1c
Minshawy_Murattal_128kbps,67,14,174.785306,181.368163,0.5265,0.2441,https://everyayah.com/data/Minshawy_Murattal_128kbps/067014.mp3,d94e6c2b2484eabb9855d39681e609f0674174a3ecf882f24609d1b7a67debff
Minshawy_Murattal_128kbps,67,15,181.368163,196.832653,0.685,0.3196,https://everyayah.com/data/Minshawy_Murattal_128kbps/067015.mp3,490df592865ac3b1fee738aefd3132ddfba0005e6050e02d2487d4f515ed932d
Minshawy_Murattal_128kbps,67,16,196.832653,209.972245,0.6229,0.1789,https://everyayah.com/data/Minshawy_Murattal_128kbps/067016.mp3,9e6ce34fc46f4a74ae55111ecf16996cf2c11e329762ad5ba4e8f1f7a0107f7b
Minshawy_Murattal_128kbps,67,17,209.972245,226.324898,0.8356,0.4075,https://everyayah.com/data/Minshawy_Murattal_128kbps/067017.mp3,8b8839c5ff9edf686612ff81c6d7993c6f4d4b8d9a50adb886c12aeb0f39da20
Minshawy_Murattal_128kbps,67,18,226.324898,235.232653,0.3172,0.5347,https://everyayah.com/data/Minshawy_Murattal_128kbps/067018.mp3,7590076bba6f51b1b0df2df1f20cbfb1abb3d89c9f172160620f005691358abd
Minshawy_Murattal_128kbps,67,19,235.232653,257.567347,0.51,0.4764,https://everyayah.com/data/Minshawy_Murattal_128kbps/067019.mp3,77f66458001ab4c6abdf44f31b0bb9e3390aba9b22656669d6f6161d70696ba2
Minshawy_Murattal_128kbps,67,20,257.567347,275.487347,0.6158,0.2708,https://everyayah.com/data/Minshawy_Murattal_128kbps/067020.mp3,25703aa5bb2818570e81f12923c9d76c11864d60ba1ece328f2db48e45690c11
Minshawy_Murattal_128kbps,67,21,275.487347,289.227755,0.685,0.5055,https://everyayah.com/data/Minshawy_Murattal_128kbps/067021.mp3,88643e71e7132a627d21316c97c5e0d1d598bfc8eddb090414f8359806d3b4cd
Minshawy_Murattal_128kbps,67,22,289.227755,306.964898,0.4811,0.4533,https://everyayah.com/data/Minshawy_Murattal_128kbps/067022.mp3,3ed8de31e169bd910aaad3d2b7ad062daebbc21c5ec3ad1cfdc6c5b0bc6988cd
Minshawy_Murattal_128kbps,67,23,306.964898,323.160816,1.1284,0.7141,https://everyayah.com/data/Minshawy_Murattal_128kbps/067023.mp3,8c7d2e3b58ae7320ee89f254121cdc67d5b55ddc53ee1079151c34f51e0345e4
Minshawy_Murattal_128kbps,67,24,323.160816,330.03102,0.2095,0.3792,https://everyayah.com/data/Minshawy_Murattal_128kbps/067024.mp3,1306c69ce4e13b8432919ea856d2406becdd7689e1f03e3e258fa2dd97c03f55
Minshawy_Murattal_128kbps,67,25,330.03102,338.886531,0.7219,0.441,https://everyayah.com/data/Minshawy_Murattal_128kbps/067025.mp3,5af2eb363aed918d04f4190bb6e781a76d58412a8e121af1cd99fbeb89c2a48b
Minshawy_Murattal_128kbps,67,26,338.886531,350.641633,0.4697,0.2181,https://everyayah.com/data/Minshawy_Murattal_128kbps/067026.mp3,fcb163e36a90bba850e1d882b6c046904cc885544c5700d8b4124bc4a2725156
Minshawy_Murattal_128kbps,67,27,350.641633,367.124898,0.7597,0.4525,https://everyayah.com/data/Minshawy_Murattal_128kbps/067027.mp3,6b1b23ffb942f59ca10da28bcfc04cd5d042afb49e7b4518fc85024973c6e450
Minshawy_Murattal_128kbps,67,28,367.124898,382.589388,1.1161,0.4868,https://everyayah.com/data/Minshawy_Murattal_128kbps/067028.mp3,9b48a0ba59100311b5adc85b1b28dded0d59e7f47d3e6e30ce07f095fbdae859
Minshawy_Murattal_128kbps,67,29,382.589388,397.662041,0.9341,0.4236,https://everyayah.com/data/Minshawy_Murattal_128kbps/067029.mp3,9e7c5d6aa438c01204bcf910779fe417bc8e19c712a92372dde34cd23813845e
Minshawy_Murattal_128kbps,67,30,397.662041,411.768163,0.545,0.2616,https://everyayah.com/data/Minshawy_Murattal_128kbps/067030.mp3,9692e171cda58d4a804365d15563d2d666a2f91d7a550d914ddcb1fc8e38a274
Minshawy_Murattal_128kbps,78,1,0,5.825306,0.432,0,https://everyayah.com/data/Minshawy_Murattal_128kbps/078001.mp3,267e517a4c408cca2daca86b20c77b8926783bd0c6ac58b79488fa6bfdbffaba
Minshawy_Murattal_128kbps,78,2,5.825306,9.848163,0.0539,0.0449,https://everyayah.com/data/Minshawy_Murattal_128kbps/078002.mp3,4ebd7bc3326b54d0a50e9a99a6144e185d35a9659b9f03730b1a9181c0d6e411
Minshawy_Murattal_128kbps,78,3,9.848163,15.333878,0.4587,0.079,https://everyayah.com/data/Minshawy_Murattal_128kbps/078003.mp3,f7bb9e6f66990d55abfefbf1efec13ba4dacc785cfe3a0d5f3d1fedb6538a1c0
Minshawy_Murattal_128kbps,78,4,15.333878,18.964898,0.4095,0,https://everyayah.com/data/Minshawy_Murattal_128kbps/078004.mp3,b17b1e26a17cbc8b839dbecc94f95d9828c9f32a51a4ba26a51c3902784f389b
Minshawy_Murattal_128kbps,78,5,18.964898,24.006531,0.0578,0,https://everyayah.com/data/Minshawy_Murattal_128kbps/078005.mp3,0272d7d1f62bd569a847f36c642d815b6a1466008c0af38af8fada9885b0cd67
Minshawy_Murattal_128kbps,78,6,24.006531,29.022041,0.078,0,https://everyayah.com/data/Minshawy_Murattal_128kbps/078006.mp3,36259c8bc29b4125bbdc6d650e587722d2bd024c40726996f9ecfa7a59e2d7e1
Minshawy_Murattal_128kbps,78,7,29.022041,33.436735,0.0523,0,https://everyayah.com/data/Minshawy_Murattal_128kbps/078007.mp3,e36611f97f0eabd9dfe0bdf0066131c77e181bc4842fcd0b698a3461e46cc2a6
Minshawy_Murattal_128kbps,78,8,33.436735,38.50449,0.0502,0,https://everyayah.com/data/Minshawy_Murattal_128kbps/078008.mp3,be64886ebc4375b0b7623f50c4bd0a14d327ae65d14744653b98f94accf73dd7
Minshawy_Murattal_128kbps,78,9,38.50449,43.937959,0.0505,0,https://everyayah.com/data/Minshawy_Murattal_128kbps/078009.mp3,52109ae7537243d9ca8f76b52f436b27b7a7b209140886890c944c13d7299e24
Minshawy_Murattal_128kbps,78,10,43.937959,48.74449,0.0515,0,https://everyayah.com/data/Minshawy_Murattal_128kbps/078010.mp3,0d3f766b74d223441e19b9136aef4d6ad4daee47261f96e95778edf9bab9d437
Minshawy_Murattal_128kbps,78,11,48.74449,54.282449,0.0519,0,https://everyayah.com/data/Minshawy_Murattal_128kbps/078011.mp3,7c4e694371b9a082c172a9de1c7e4cdb6d632a1d3d77b2dc93c73ab50b91c409
Minshawy_Murattal_128kbps,78,12,54.282449,61.309388,0.0489,0,https://everyayah.com/data/Minshawy_Murattal_128kbps/078012.mp3,3e27a37364e7b2336e5075846d98f85275f7266d885fd2a8ce7393f8efb14b8b
Minshawy_Murattal_128kbps,78,13,61.309388,67.63102,0.0598,0,https://everyayah.com/data/Minshawy_Murattal_128kbps/078013.mp3,8c661abdde7196edeb353072850a37e58b833b77df457a1c03633adc3ed4751b
Minshawy_Murattal_128kbps,78,14,67.63102,78.053878,0.0512,0,https://everyayah.com/data/Minshawy_Murattal_128kbps/078014.mp3,8262ad4dc506eb903f56ddce97d310fb7e8cb018df0056f4d7e33cd3b1266f4c
Minshawy_Murattal_128kbps,78,15,78.053878,84.897959,0.0521,0,https://everyayah.com/data/Minshawy_Murattal_128kbps/078015.mp3,fd8805e4cfc8788ee86925391e3bd5c40b0e4e1dbafb4941baf6b727e5ccfdab
Minshawy_Murattal_128kbps,78,16,84.897959,89.913469,0.056,0,https://everyayah.com/data/Minshawy_Murattal_128kbps/078016.mp3,c74d1ec81e30ba9eeb8bbfee62a57657aa0f3f5900445542554dc29868dc241d
Minshawy_Murattal_128kbps,78,17,89.913469,96.574694,0.048,0,https://everyayah.com/data/Minshawy_Murattal_128kbps/078017.mp3,766b32c3df5a91614d7f414bddfe4ba999336e9a429fde6b5bc87ca17ec7527f
Minshawy_Murattal_128kbps,78,18,96.574694,104.777143,0.0502,0,https://everyayah.com/data/Minshawy_Murattal_128kbps/078018.mp3,68cfd08cd0ce4d6faeb561dd91d1ac2b4d88db1e4008b755854ea579b95abe01
Minshawy_Murattal_128kbps,78,19,104.777143,113.319184,0.0527,0,https://everyayah.com/data/Minshawy_Murattal_128kbps/078019.mp3,d8cb3a09b09d29bd94dfac0becd19dc0a6fc6540fa5d5c354ddabd3f31b85960
Minshawy_Murattal_128kbps,78,20,113.319184,120.084898,0.0483,0,https://everyayah.com/data/Minshawy_Murattal_128kbps/078020.mp3,4feea24f1d52863b09051a664304c3589018d06deb3fa4ffb340008dc95394af
Minshawy_Murattal_128kbps,78,21,120.084898,127.373061,0.0483,0,https://everyayah.com/data/Minshawy_Murattal_128kbps/078021.mp3,d15eba2acec72a0665bc31604c5901c58e923a92e9dbe04a3ec00519d84a7283
Minshawy_Murattal_128kbps,78,22,127.373061,131.395918,0.0566,0,https://everyayah.com/data/Minshawy_Murattal_128kbps/078022.mp3,87a89f9fc900ae2a85540880ddb1480f9b4f4b438fc4c283a9b49e11547a3fc6
Minshawy_Murattal_128kbps,78,23,131.395918,137.795918,0.0501,0,https://everyayah.com/data/Minshawy_Murattal_128kbps/078023.mp3,7c26fd107c21bd486e77494f5bc34612060ac4ee0acc6af850166b5d5acd546e
Minshawy_Murattal_128kbps,78,24,137.795918,145.998367,0.049,0,https://everyayah.com/data/Minshawy_Murattal_128kbps/078024.mp3,99d58d6b45f495c95ab1faf19200c6ec5f9c2774c2bcbfbcdc928c693281d1b8
Minshawy_Murattal_128kbps,78,25,145.998367,151.771429,0.0523,0,https://everyayah.com/data/Minshawy_Murattal_128kbps/078025.mp3,6d734ef87d8733de6a3778a8b6dfd23f1528611cce8094cf3ca646abd2f3a706
Minshawy_Murattal_128kbps,78,26,151.771429,157.283265,0.0498,0,https://everyayah.com/data/Minshawy_Murattal_128kbps/078026.mp3,f2245e856bd75c81d96429dfead2f2a0cb6f4c61a2e88520d8621bb909f65dc8
Minshawy_Murattal_128kbps,78,27,157.283265,164.702041,0.0521,0,https://everyayah.com/data/Minshawy_Murattal_128kbps/078027.mp3,3a7a640dabb90353f7e6a48f04ac38e8e5ec938d61404d4a880a5cc91d07a89f
Minshawy_Murattal_128kbps,78,28,164.702041,171.337143,0.0512,0,https://everyayah.com/data/Minshawy_Murattal_128kbps/078028.mp3,37f5bb26919553819fa85fe6438f1505c1d5f2e7c7a82f35b0c2e91a103f957e
Minshawy_Murattal_128kbps,78,29,171.337143,177.946122,0.0508,0,https://everyayah.com/data/Minshawy_Murattal_128kbps/078029.mp3,623b44e0e8338709a9bf70c35efd6352d089c9d01b4daf389c960853864b5ced
Minshawy_Murattal_128kbps,78,30,177.946122,185.835102,0.0504,0,https://everyayah.com/data/Minshawy_Murattal_128kbps/078030.mp3,a65841625bbd50d98ab114f577b8b7482673a3dc7d115f91f45b7598d2fdd1e8
Minshawy_Murattal_128kbps,78,31,185.835102,191.947755,0.0544,0,https://everyayah.com/data/Minshawy_Murattal_128kbps/078031.mp3,d7de25deae6f13405725e963cf466096e3752fe0e22fc6258ff6228e4b76d309
Minshawy_Murattal_128kbps,78,32,191.947755,197.32898,0.0501,0,https://everyayah.com/data/Minshawy_Murattal_128kbps/078032.mp3,4203bb206b8d552ff8c8702be02b29afbf58bca5394947cd1e439a8e3996ca36
Minshawy_Murattal_128kbps,78,33,197.32898,201.613061,0.0535,0,https://everyayah.com/data/Minshawy_Murattal_128kbps/078033.mp3,fb3ce409f99884bbb9848d93031f377504e6891983520b196fc5854f7e45a35b
Minshawy_Murattal_128kbps,78,34,201.613061,206.053878,0.0629,0,https://everyayah.com/data/Minshawy_Murattal_128kbps/078034.mp3,1bfefe6e095a998889893e8eb74399a2a39dca7810751e67ca66664090dcad11
Minshawy_Murattal_128kbps,78,35,206.053878,214.83102,0.0565,0,https://everyayah.com/data/Minshawy_Murattal_128kbps/078035.mp3,13753062c7b153ea2e394155f4ab52e45833df9077b465b52fd53b5aa46bbcdb
Minshawy_Murattal_128kbps,78,36,214.83102,224.365714,0.0554,0,https://everyayah.com/data/Minshawy_Murattal_128kbps/078036.mp3,43523fa74c3a258f0d3771fb23488a9a37c361b1959c072835c14c4611b19ec7
Minshawy_Murattal_128kbps,78,37,224.365714,238.654694,0.0504,0.0324,https://everyayah.com/data/Minshawy_Murattal_128kbps/078037.mp3,6e9a44a322722c562c5d565c97f142de1b67da56b6d64cd1b8bf6f85e990c780
Minshawy_Murattal_128kbps,78,38,238.654694,262.008163,1.5985,0,https://everyayah.com/data/Minshawy_Murattal_128kbps/078038.mp3,2b1d6cc49ebce157d8014c9cea13a1650953ea5a655fb807b3b2826768b1c424
Minshawy_Murattal_128kbps,78,39,262.008163,275.487347,0.0505,0,https://everyayah.com/data/Minshawy_Murattal_128kbps/078039.mp3,c2058da03de0524d11b0af560f0629b32fa32d68eaa91839e2b2675b89079b42
Minshawy_Murattal_128kbps,78,40,275.487347,308.192653,0.0481,0,https://everyayah.com/data/Minshawy_Murattal_128kbps/078040.mp3,c7cf0c45d07565e6d8111724431e47ba0c19bf9579519f8e59ed3e8980e6de26
Minshawy_Murattal_128kbps,93,1,0,1.906939,0.0532,0,https://everyayah.com/data/Minshawy_Murattal_128kbps/093001.mp3,30d31d4b7d2e18c455ca9ce44af3ecea464588f026ba75127293ff9c454fd6d5
Minshawy_Murattal_128kbps,93,2,1.906939,5.642449,0.0518,0,https://everyayah.com/data/Minshawy_Murattal_128kbps/093002.mp3,d72c66cdde254a1b2789dd4e0662f49700329859ea63e421d774dfbd5d0c5dd9
Minshawy_Murattal_128kbps,93,3,5.642449,11.389388,0.0534,0,https://everyayah.com/data/Minshawy_Murattal_128kbps/093003.mp3,356e27c62c85b8cab000f3b0c34a3c47f94b314800e0b6d5808ee1a6b704b504
Minshawy_Murattal_128kbps,93,4,11.389388,18.337959,0.0502,0,https://everyayah.com/data/Minshawy_Murattal_128kbps/093004.mp3,f0a82680ad48c9d1ad338bf37de25ce40368fe885bdaf896cd5c1a06b0c72fa4
Minshawy_Murattal_128kbps,93,5,18.337959,24.816327,0.0529,0,https://everyayah.com/data/Minshawy_Murattal_128kbps/093005.mp3,c7c8401ebf2c9fcf20da1699e382eba6251fc807d4c56b65e1f6f552b5a0826b
Minshawy_Murattal_128kbps,93,6,24.816327,31.320816,0.5093,0,https://everyayah.com/data/Minshawy_Murattal_128kbps/093006.mp3,577dbf862194ec0e9822412ed6b09e63f1d9dbf4e768a3825abb660d490ed55c
Minshawy_Murattal_128kbps,93,7,31.320816,38.661224,0.0595,0,https://everyayah.com/data/Minshawy_Murattal_128kbps/093007.mp3,07365493e472e298c67e4ab9bf706a301fc4930a8ffde86ea6a03f35e95352d2
Minshawy_Murattal_128kbps,93,8,38.661224,45.270204,0.0629,0,https://everyayah.com/data/Minshawy_Murattal_128kbps/093008.mp3,aea28aa1f8904c46146b498b3780d5e8ee16d7ce96cae37a01725a104ce97ce0
Minshawy_Murattal_128kbps,93,9,45.270204,51.278367,0.054,0.1053,https://everyayah.com/data/Minshawy_Murattal_128kbps/093009.mp3,c9dc3981f5fbfba7183b3175b4ee3b65e4336d56315f46d80eb8ba6d3e8d112b
Minshawy_Murattal_128kbps,93,10,51.278367,58.044082,0.249,0,https://everyayah.com/data/Minshawy_Murattal_128kbps/093010.mp3,a98aae6a5f70314b1c81af1a53d47f50cfabfd6fa3bb7345ef931f9875063f9b
Minshawy_Murattal_128kbps,93,11,58.044082,64.653061,0.1587,0.0949,https://everyayah.com/data/Minshawy_Murattal_128kbps/093011.mp3,859ba8cd73f948cda757511986150f90f556c8f916646ce02676633bd7bb4af2
Minshawy_Murattal_128kbps,103,1,0,1.880816,0.2333,0.0496,https://everyayah.com/data/Minshawy_Murattal_128kbps/103001.mp3,cc3dc3e94ca224b3b4d3f36ab3983e9abb6b9e8cb15071342bb390621557e02f
Minshawy_Murattal_128kbps,103,2,1.880816,7.732245,0.325,0.1388,https://everyayah.com/data/Minshawy_Murattal_128kbps/103002.mp3,b0142ecdd74d4e2b23517d4f6f660fb8902fce93b5defb5b8de068ceb98d3336
Minshawy_Murattal_128kbps,103,3,7.732245,21.707755,0.4677,0.1565,https://everyayah.com/data/Minshawy_Murattal_128kbps/103003.mp3,b3452fb14d77fa96ae09d1afb000f5a5538960c3e5cb3435bd23c5c8fce57018
Minshawy_Murattal_128kbps,112,1,0,3.213061,0.0877,0,https://everyayah.com/data/Minshawy_Murattal_128kbps/112001.mp3,c250515d4e51dde18a53ec208847e819d26388c349f3e52a9c0168237564081e
Minshawy_Murattal_128kbps,112,2,3.213061,5.877551,0.058,0,https://everyayah.com/data/Minshawy_Murattal_128kbps/112002.mp3,4cbe11d08e1f887a9f20a7f34248a3cab28821ffeb308fbf18fb553ddb011deb
Minshawy_Murattal_128kbps,112,3,5.877551,9.247347,0.0541,0,https://everyayah.com/data/Minshawy_Murattal_128kbps/112003.mp3,5f05f7988cca0112096d390989726e55c9bd1e1a80f7bc7b3bd5cf42f6c90666
Minshawy_Murattal_128kbps,112,4,9.247347,13.97551,0.054,0,https://everyayah.com/data/Minshawy_Murattal_128kbps/112004.mp3,0d38e61d572eb148bc9dd63c275a3489da0e8c524986328ecb9f776894dfd7c2
Alafasy_128kbps,1,1,0,6.031111,0,0,https://everyayah.com/data/Alafasy_128kbps/001001.mp3,8808f3fc313d9df87b6090ee9efc8c11859da58b0100ad92621c5ee9a93d7280
Alafasy_128kbps,1,2,6.031111,11.564807,0,0,https://everyayah.com/data/Alafasy_128kbps/001002.mp3,7056ff0c287ee428272e12d16fb8f10b2786487f5d553841a828396750906b6b
Alafasy_128kbps,1,3,11.564807,16.137279,0,0,https://everyayah.com/data/Alafasy_128kbps/001003.mp3,3bd5bb13dcdf6ab178b6c6cb2810ad2aaac8d4dfb371e553ca78021f56c93abd
Alafasy_128kbps,1,4,16.137279,20.738571,0,0.02,https://everyayah.com/data/Alafasy_128kbps/001004.mp3,dca0c09844dd0e9ebf558b25a24352ae8517a9543094d0b1380e962b2bac201a
Alafasy_128kbps,1,5,20.738571,27.390839,0,0.0262,https://everyayah.com/data/Alafasy_128kbps/001005.mp3,7828eb8f7400b04181d2c08885b9409dbe18037e4e4cfa08153692f25bb252fd
Alafasy_128kbps,1,6,27.390839,32.934943,0,0.0205,https://everyayah.com/data/Alafasy_128kbps/001006.mp3,44afd93fa73f7fe363c75146a9b28c59a2cbdbf70bfb7ed71d823ed51c5b6327
Alafasy_128kbps,1,7,32.934943,46.122404,0,0.496,https://everyayah.com/data/Alafasy_128kbps/001007.mp3,6165fc6954e63686f556a8049c0d5231d6dbe812158da9b63e6d5f7191b1320e
Alafasy_128kbps,12,1,0,11.588027,0.1193,0,https://everyayah.com/data/Alafasy_128kbps/012001.mp3,1d09d9c5551951fb5e7b024216a88a55ae6e6f837c62235becad420dd5f40ac6
Alafasy_128kbps,12,2,11.588027,25.571655,0,0.2097,https://everyayah.com/data/Alafasy_128kbps/012002.mp3,cee18410dfd3580bbd6c6a93207060087a9e8a600577b1351b64bf1d6f73c07d
Alafasy_128kbps,12,3,25.571655,46.7978,0.1027,0.1421,https://everyayah.com/data/Alafasy_128kbps/012003.mp3,43cb1d83226508aea6b36010640c23446f4187c19328af2cd7438ae301b6649a
Alafasy_128kbps,12,4,46.7978,65.758345,0.0278,0.2433,https://everyayah.com/data/Alafasy_128kbps/012004.mp3,43cc7b14106d890a4e58cea7df4cfb53616a06649b251769633d306b0bb9b791
Alafasy_128kbps,12,5,65.758345,87.578753,0.0594,0.1056,https://everyayah.com/data/Alafasy_128kbps/012005.mp3,62473f4944d6ea5e819c945be1d348031f3e5e1a9c65c4fa261a5708c8f466ea
Alafasy_128kbps,12,6,87.578753,125.592698,0,0.1914,https://everyayah.com/data/Alafasy_128kbps/012006.mp3,3efd44efef2e05f7c612e5b16454ad173065b2609921c2763ebe6212fea84e14
Alafasy_128kbps,12,7,125.592698,138.982063,0.0567,0.0732,https://everyayah.com/data/Alafasy_128kbps/012007.mp3,82fbacac74ab33ab639048a9f4c23fd7d1e24e21effc1a8212a516ef09e31d56
Alafasy_128kbps,12,8,138.982063,158.703991,0.0539,0,https://everyayah.com/data/Alafasy_128kbps/012008.mp3,da6f7169f501ab02ede7815c8357814d169e15c8c3a225536cb13de172f16409
Alafasy_128kbps,12,9,158.703991,180.747256,0,0.2678,https://everyayah.com/data/Alafasy_128kbps/012009.mp3,b1b7d6c0429e3f83014dc996cb46c416c2b85c89467d9de724dbb4953fc935bd
Alafasy_128kbps,12,10,180.747256,202.883356,0.0662,0.197,https://everyayah.com/data/Alafasy_128kbps/012010.mp3,8777b6e4b8e88957d8e55b32d18dd24d01fe31be9f5f106104d2247929ae030b
Alafasy_128kbps,12,11,202.883356,218.389773,0.0381,0,https://everyayah.com/data/Alafasy_128kbps/012011.mp3,fbced98a0da732e841969197c79db5e6598513d9b679ba8f780115df7906caf8
Alafasy_128kbps,12,12,218.389773,230.1078,0,0.0526,https://everyayah.com/data/Alafasy_128kbps/012012.mp3,9f1ffe992469890efa61cc68327ac8746a494e3de961ca16abb7f0fe797a0030
Alafasy_128kbps,12,13,230.1078,248.604082,0,0,https://everyayah.com/data/Alafasy_128kbps/012013.mp3,81c9b7bffca62c01664b97fdc5b8c5f19b4a0f09b2b5c53820f8cb5c732e9f80
Alafasy_128kbps,12,14,248.604082,261.454921,0,0.0474,https://everyayah.com/data/Alafasy_128kbps/012014.mp3,6902efb510ef8ff5779eb7508685a40c8dd75f8ede9d8b0e4e3f559bd48d30c2
Alafasy_128kbps,12,15,261.454921,287.527982,0,0.1068,https://everyayah.com/data/Alafasy_128kbps/012015.mp3,9aa6d848d11b61492e12dd0d0e00e974e8dbc28cc44433c0b31c51e649aa2946
Alafasy_128kbps,12,16,287.527982,300.137392,0.0705,0,https://everyayah.com/data/Alafasy_128kbps/012016.mp3,c54aa24f7a56d7d286972a5d0e688e26b584a99d7c47501a3aab523fb57babdd
Alafasy_128kbps,12,17,300.137392,331.31737,0.0305,0,https://everyayah.com/data/Alafasy_128kbps/012017.mp3,0d2dd2cb296b5575ef74f6b0cad838409f05a360d200d780f11c83d495f1f337
Alafasy_128kbps,12,18,331.31737,357.074739,0,0,https://everyayah.com/data/Alafasy_128kbps/012018.mp3,1d51ae68bcdb9d2515ed0b0e206eccc9e38953ded47b6250baf920707682c659
Alafasy_128kbps,12,19,357.074739,383.073537,0,0.184,https://everyayah.com/data/Alafasy_128kbps/012019.mp3,011b1ed70d602cfedd632684027ce9fb53924fb656f3980dc6e3f44a42a160e1
Alafasy_128kbps,12,20,383.073537,397.37288,0.0525,0.5924,https://everyayah.com/data/Alafasy_128kbps/012020.mp3,bd0830fd0db6bcc5529cd534e6cc0f5e31dda6211ba6d8145c8475153e56bf03
Alafasy_128kbps,12,21,397.37288,448.330476,0.0417,0.1115,https://everyayah.com/data/Alafasy_128kbps/012021.mp3,14ab5bc2e385f9a151fb05962cd4905b27fcfb933f0574708b7521334a01dc8d
Alafasy_128kbps,12,22,448.330476,463.335488,0.084,0.2817,https://everyayah.com/data/Alafasy_128kbps/012022.mp3,e7554fda9c3e26576dd1f9244c09272ed76fd21926f5929ad3037075ccc6d7e7
Alafasy_128kbps,12,23,463.335488,494.348322,0.0422,0,https://everyayah.com/data/Alafasy_128kbps/012023.mp3,74fe5ca9d65142367deb85763545a554a881e201115cd15cc43fed64dac0cea8
Alafasy_128kbps,12,24,494.348322,521.944172,0.0337,0,https://everyayah.com/data/Alafasy_128kbps/012024.mp3,c2486872a441bd16108c5fcabcd83d69e3943ff15bde86196f8afd2cd0ef34bc
Alafasy_128kbps,12,25,521.944172,552.251315,0,0,https://everyayah.com/data/Alafasy_128kbps/012025.mp3,dc5a616e241054e175d0119aac2af7844b4f42b0193eabbec364f5b8ec8e65b9
Alafasy_128kbps,12,26,552.251315,575.353084,0,0,https://everyayah.com/data/Alafasy_128kbps/012026.mp3,01fe67d1007f314f440b1857f541b5675f2c3278e70cdc543d819db36883d796
Alafasy_128kbps,12,27,575.353084,588.129637,0,0,https://everyayah.com/data/Alafasy_128kbps/012027.mp3,29f950627fb1862134ccee850151c96d0675cb0777df7aa56487d6098eb4ae3d
Alafasy_128kbps,12,28,588.129637,607.517302,0.0314,0.0287,https://everyayah.com/data/Alafasy_128kbps/012028.mp3,78aaffa5ae4887a9886a79b1a985534dc39585859d1de9f6319092b9f0bae71f
Alafasy_128kbps,12,29,607.517302,622.113764,0,0.2576,https://everyayah.com/data/Alafasy_128kbps/012029.mp3,bc8282b773592c774d70dd98a9dc881518a7dd82f3283198377489d0cc271627
Alafasy_128kbps,12,30,622.113764,643.507052,0.1103,0.0633,https://everyayah.com/data/Alafasy_128kbps/012030.mp3,51d84d076b4c9e565f9b9108f6189277a637f4cb95a95148080d361746cd69d3
Alafasy_128kbps,12,31,643.507052,688.707778,0.0656,0,https://everyayah.com/data/Alafasy_128kbps/012031.mp3,b435de9a10c8d17faa0502cf6c10b44c0c58bab3b0b4c92ae9722813cccf14bd
Alafasy_128kbps,12,32,688.707778,718.123537,0,0,https://everyayah.com/data/Alafasy_128kbps/012032.mp3,63ce68f6ae7dd25ca6106150c3b73642bc9a3f84b727ec0783e8834d52431690
Alafasy_128kbps,12,33,718.123537,742.042404,0.0421,0.2671,https://everyayah.com/data/Alafasy_128kbps/012033.mp3,94a953da333dafebaad29d7c4f20f3df4c1be9161cd2a40682b778e32f895e7b
Alafasy_128kbps,12,34,742.042404,756.378866,0.0707,0,https://everyayah.com/data/Alafasy_128kbps/012034.mp3,42d72bdc81f4bf838d1162dbcd75dc774168219411bf71c70fb03a8d60569bcb
Alafasy_128kbps,12,35,756.378866,770.381066,0,0.1175,https://everyayah.com/data/Alafasy_128kbps/012035.mp3,6754ce2e0817296f04ee4456dddb0a912c8b013f844ad197467ea46f4e5cbca3
Alafasy_128kbps,12,36,770.381066,814.430431,0.0967,0.2894,https://everyayah.com/data/Alafasy_128kbps/012036.mp3,7c2d7cb5eb11736c7df8543b40f03ce93cff2b45c1445462dc52c3431dac0763
Alafasy_128kbps,12,37,814.430431,851.162993,0.1102,0.022,https://everyayah.com/data/Alafasy_128kbps/012037.mp3,4bfca690821a5246dd4dfdf522ad5414c024c4268904586d54568064dad5d121
Alafasy_128kbps,12,38,851.162993,890.829705,0.021,0.3191,https://everyayah.com/data/Alafasy_128kbps/012038.mp3,5cf0126339b8916d46c6397a3a4f3b3510b8465b8e41912b73a4d4e8eb4372a7
Alafasy_128kbps,12,39,890.829705,904.980476,0.0587,0,https://everyayah.com/data/Alafasy_128kbps/012039.mp3,2e6fb9546fb14e6e1d4181caa314401dc14b72f1cb38c56b6a5d55d8ab9147aa
Alafasy_128kbps,12,40,904.980476,967.191837,0,0,https://everyayah.com/data/Alafasy_128kbps/012040.mp3,1f69bf6d8d90c6ea89d011a998d506e9bbbc9feb885c740bda71e8eec305bf0b
Alafasy_128kbps,12,41,967.191837,992.002109,0,0,https://everyayah.com/data/Alafasy_128kbps/012041.mp3,2eac002a6b061b028f28cd9e2eb72be9259967171b10c23e3a05bfb9e4ce421b
Alafasy_128kbps,12,42,992.002109,1014.881043,0,0,https://everyayah.com/data/Alafasy_128kbps/012042.mp3,d825a4bdef21c4892f344f8a6fa1966b9029ffba4ee3a26255b4e59f3a8f2219
Alafasy_128kbps,12,43,1014.881043,1050.573651,0,0.1706,https://everyayah.com/data/Alafasy_128kbps/012043.mp3,0925dc897b564bc88c571d156cd951e386589fd2936b5fa4f9b1b99edd9b98fa
Alafasy_128kbps,12,44,1050.573651,1063.573039,0.0653,0,https://everyayah.com/data/Alafasy_128kbps/012044.mp3,50e512836ffca3561ba8e79e848ed6f116955350e1bb71ef5fb374311df4956b
Alafasy_128kbps,12,45,1063.573039,1078.652336,0,0,https://everyayah.com/data/Alafasy_128kbps/012045.mp3,b1bc72cbd7495219194e02e9f2cf79fc756df9407f0aed413202b489108e6141
Alafasy_128kbps,12,46,1078.652336,1109.999433,0,0,https://everyayah.com/data/Alafasy_128kbps/012046.mp3,9c68045eafa81255f74cf08f6389a8cc83348fa3bf3ce7f2b91f7145fa92002e
Alafasy_128kbps,12,47,1109.999433,1134.178299,0.048,0.1316,https://everyayah.com/data/Alafasy_128kbps/012047.mp3,4d711d7fdf7662d7ac52abd86284fe29a335b40ec4347e4311dae61e48b5d70a
Alafasy_128kbps,12,48,1134.178299,1156.685805,0.0674,0.3369,https://everyayah.com/data/Alafasy_128kbps/012048.mp3,bffd12bad8d63e83e65e710258d291eea0ad417a882df678c595ac7a5fbc52eb
Alafasy_128kbps,12,49,1156.685805,1171.170839,0.0281,0.1577,https://everyayah.com/data/Alafasy_128kbps/012049.mp3,a766f5633b6d386a8b0f20cb6dd7ea1c243c5052d33e407260c428e26c21622a
Alafasy_128kbps,12,50,1171.170839,1198.729546,0.0534,0.0383,https://everyayah.com/data/Alafasy_128kbps/012050.mp3,5ee8765b8b9f623448e8ab133156e85168ad061012bb2ccb614e309cf9e251e4
Alafasy_128kbps,12,51,1198.729546,1233.307914,0.0522,0,https://everyayah.com/data/Alafasy_128kbps/012051.mp3,d07a199cc7f0758bdc978ea989b514cac9e8363b109d7ba518e4f157abdeebad
Alafasy_128kbps,12,52,1233.307914,1248.483311,0,0,https://everyayah.com/data/Alafasy_128kbps/012052.mp3,bbe2750a79250cbb5dbfc7bc482f959d364ba12572275d698f02407cc10b6263
Alafasy_128kbps,12,53,1248.483311,1273.392948,0,0.0371,https://everyayah.com/data/Alafasy_128kbps/012053.mp3,83a7df0178ecc6e79028397809cb79a931c47342b335e5186d52f923618ca861
Alafasy_128kbps,12,54,1273.392948,1291.413741,0.1115,0.2107,https://everyayah.com/data/Alafasy_128kbps/012054.mp3,bcece7258166e02ca769d84f2750f802bf6db33b38cbdca9d106afe75e401b82
Alafasy_128kbps,12,55,1291.413741,1301.996599,0.1465,0.3093,https://everyayah.com/data/Alafasy_128kbps/012055.mp3,c8a0c47ecd3f361600f7c482ed781c00a3160e770aff4b261a206ccedf774b0a
Alafasy_128kbps,12,56,1301.996599,1324.659864,0.101,0,https://everyayah.com/data/Alafasy_128kbps/012056.mp3,a9aa74974e0335078c22a42fba893b251665d2760287d81e4ecdfe8699f767c9
Alafasy_128kbps,12,57,1324.659864,1334.29424,0,0.0594,https://everyayah.com/data/Alafasy_128kbps/012057.mp3,af8e810586df945e4d42ad58acfc9cb342ba1e24a15230d50d4db63ae8c3e1cc
Alafasy_128kbps,12,58,1334.29424,1347.093061,0.0573,0.231,https://everyayah.com/data/Alafasy_128kbps/012058.mp3,501b47a476f6a5d5375f3805de836e3c2ba6983f5ff8a4c2b267970ab081caf5
Alafasy_128kbps,12,59,1347.093061,1369.425306,0.0318,0.04,https://everyayah.com/data/Alafasy_128kbps/012059.mp3,625646a2ce1dd88cadb7600bba2144419b3318d82ff8fb58584f7756f7dfd3bd
Alafasy_128kbps,12,60,1369.425306,1379.897052,0.053,0,https://everyayah.com/data/Alafasy_128kbps/012060.mp3,54f9b1cb650f8bb9f78c9c0973069e4d16b146c61a164b06e0a48e65b75f25bb
Alafasy_128kbps,12,61,1379.897052,1388.975646,0,0.0514,https://everyayah.com/data/Alafasy_128kbps/012061.mp3,76a7fc154c4951e49e851a2e89f2e97c27e89e026c205943bda8bc47e1ddad02
Alafasy_128kbps,12,62,1388.975646,1414.434014,0,0.1443,https://everyayah.com/data/Alafasy_128kbps/012062.mp3,08b21bb24fa0fdc911603000b1ec96777e28bb317c997a6128fb58f416c5740e
Alafasy_128kbps,12,63,1414.434014,1438.63449,0.0546,0.1484,https://everyayah.com/data/Alafasy_128kbps/012063.mp3,03d24e96fc46bbe92eea19760b20fd4621200a001c92721fc6665727aaa8ba48
Alafasy_128kbps,12,64,1438.63449,1459.854354,0.0701,0,https://everyayah.com/data/Alafasy_128kbps/012064.mp3,3061dbe3efb023fb02f054fbb61f4876c44b4ba0479f2f663c22638e60789768
Alafasy_128kbps,12,65,1459.854354,1493.625646,0.0818,0,https://everyayah.com/data/Alafasy_128kbps/012065.mp3,afa8cbf8b43875d141636093157585e60f6e68bd326f708589a942ab9720d5ee
Alafasy_128kbps,12,66,1493.625646,1523.54127,0,0.0294,https://everyayah.com/data/Alafasy_128kbps/012066.mp3,aaf03b83075532de0c24bd622f05205c406c91a417054ee61abdd4f9e93c551d
Alafasy_128kbps,12,67,1523.54127,1561.9339,0,0,https://everyayah.com/data/Alafasy_128kbps/012067.mp3,d0b9e8a9b5015b9f32fe0dfbd4b4f98a9acd2e238eda441a082c3a1f3abbd4e8
Alafasy_128kbps,12,68,1561.9339,1596.443515,0.0641,0.3333,https://everyayah.com/data/Alafasy_128kbps/012068.mp3,6b241dc10dec1c91c8051ab5859ba5cfe69dff0c03d54851a6bb318e82e3ee3d
Alafasy_128kbps,12,69,1596.443515,1618.31966,0.0584,0.1261,https://everyayah.com/data/Alafasy_128kbps/012069.mp3,efd4137495dd58753f7bfc456b019255b789de8c1a58b4210f7599c98d5d6a63
Alafasy_128kbps,12,70,1618.31966,1644.489002,0.1369,0,https://everyayah.com/data/Alafasy_128kbps/012070.mp3,37fcc2e99ddd1d49d239100214caa9e7b937dcd95276454d6f81fabbb3dd55f5
Alafasy_128kbps,12,71,1644.489002,1653.458231,0,0.1208,https://everyayah.com/data/Alafasy_128kbps/012071.mp3,dd60c16467ceab7d3fd9b0cbcbfd3b890e6813b48c30b1a5438573870d85b8fc
Alafasy_128kbps,12,72,1653.458231,1676.236757,0.0455,0.1367,https://everyayah.com/data/Alafasy_128kbps/012072.mp3,2a5cc6c85b927a86bdca2089d0a35a65871b89a6365c0403335527e33c3f8af3
Alafasy_128kbps,12,73,1676.236757,1689.526508,0.0463,0,https://everyayah.com/data/Alafasy_128kbps/012073.mp3,db86b60e36d205534d228dc733948eb4212dd98242b99d40b8dca47fd02a6bc4
Alafasy_128kbps,12,74,1689.526508,1701.531043,0,0.1177,https://everyayah.com/data/Alafasy_128kbps/012074.mp3,1b9a62ae28a7e42976c2fed7721331edef885ec261662236b1f5d356667a9e21
Alafasy_128kbps,12,75,1701.531043,1718.539751,0.0719,0,https://everyayah.com/data/Alafasy_128kbps/012075.mp3,5b336b99de015122d8a1b356a5291e93b12739ecaa8fd506eb24febb2ee1617f
Alafasy_128kbps,12,76,1718.539751,1765.573447,0,0.1491,https://everyayah.com/data/Alafasy_128kbps/012076.mp3,d06cc840f07885e08d092f54f41fd5f687addca8e89f963d4885c87b9dd26f94
Alafasy_128kbps,12,77,1765.573447,1792.453764,0.041,0.0645,https://everyayah.com/data/Alafasy_128kbps/012077.mp3,b5ae1462cfbb0bca7e0f22d0c7b0f18f2290b83d0af2a418fe87aa3999846564
Alafasy_128kbps,12,78,1792.453764,1815.724512,0.0349,0.0419,https://everyayah.com/data/Alafasy_128kbps/012078.mp3,df63e75d4888e93aeab45aad88781312640bbbf6b6c07e7f9c50045327a0cc41
Alafasy_128kbps,12,79,1815.724512,1834.866145,0,0.0975,https://everyayah.com/data/Alafasy_128kbps/012079.mp3,728956bf752da42c78192838453909d6225ec6171075139986548641f8bdd986
Alafasy_128kbps,12,80,1834.866145,1876.020635,0,0.1356,https://everyayah.com/data/Alafasy_128kbps/012080.mp3,50808af790ebb7870cabe92daedadd978a7ffc87e28813edf4379172212ea13f
Alafasy_128kbps,12,81,1876.020635,1902.436077,0.0357,0,https://everyayah.com/data/Alafasy_128kbps/012081.mp3,ff20167a18e59302300b80a416fa9b22186d78a32a7ef4aa3781538834fa7c79
Alafasy_128kbps,12,82,1902.436077,1918.843175,0,0.0361,https://everyayah.com/data/Alafasy_128kbps/012082.mp3,3406dee671ee9494afb19b03f6e3d218cc37760e99cf90fa46722dd782a8802b
Alafasy_128kbps,12,83,1918.843175,1942.442063,0.0787,0,https://everyayah.com/data/Alafasy_128kbps/012083.mp3,0206fd11fa39ea3a5297bd7fbe402f5fa3cbc60e54533f68bef9011170ce7c4a
Alafasy_128kbps,12,84,1942.442063,1958.001474,0,0,https://everyayah.com/data/Alafasy_128kbps/012084.mp3,1b8a861572851d1966395fb24da6b0af2f060af03417a7c74c2738170ea9c854
Alafasy_128kbps,12,85,1958.001474,1970.252109,0,0,https://everyayah.com/data/Alafasy_128kbps/012085.mp3,7c6f18494bb504116e78d2194c77ccb1f9e6a93f42fb95774967c32005ef931e
Alafasy_128kbps,12,86,1970.252109,1986.030272,0,0,https://everyayah.com/data/Alafasy_128kbps/012086.mp3,cc554d7a617bfa16bbdbc97777e72dc14ea0b71126a221f474d97aee80e43003
Alafasy_128kbps,12,87,1986.030272,2009.082245,0,0,https://everyayah.com/data/Alafasy_128kbps/012087.mp3,bf16277123eab6e3474dc71e274c5ff93bab69fa85bc4d91a5cc0cd7d24af880
Alafasy_128kbps,12,88,2009.082245,2040.283084,0,0,https://everyayah.com/data/Alafasy_128kbps/012088.mp3,22734833d47d95ee82cdf7efb51179e1c73422f05ffbdc853c71b579779f9bd2
Alafasy_128kbps,12,89,2040.283084,2052.61576,0,0,https://everyayah.com/data/Alafasy_128kbps/012089.mp3,b7ab1d64e39ca10a45feb2f0a5b7ea9cb1f4d464789801d13019e21e7f3d468a
Alafasy_128kbps,12,90,2052.61576,2082.039161,0,0.071,https://everyayah.com/data/Alafasy_128kbps/012090.mp3,2ea6b1d72957de3de2200079a35a241378d60e8bc73f8deaee14747eef0c7fd3
Alafasy_128kbps,12,91,2082.039161,2094.508571,0.0681,0,https://everyayah.com/data/Alafasy_128kbps/012091.mp3,33b2a3ea39d666f6c29afb8f506be49c0de2e1758945a32151f0532425c52e35
Alafasy_128kbps,12,92,2094.508571,2107.935057,0,0,https://everyayah.com/data/Alafasy_128kbps/012092.mp3,04be41fbef98477e6fe4456183905fe79d04f0c42f490c9ec6620d1733e94787
Alafasy_128kbps,12,93,2107.935057,2122.592063,0.0471,0.1926,https://everyayah.com/data/Alafasy_128kbps/012093.mp3,cbcaf6708b79898b26b5136471c5e3211aa1e890946bb84ce0db52336d4f347b
Alafasy_128kbps,12,94,2122.592063,2139.163243,0.0452,0,https://everyayah.com/data/Alafasy_128kbps/012094.mp3,0b4e2f09f40417b290e04cec9056df2717f5d03af3bc87c85b03e1922b5469a4
Alafasy_128kbps,12,95,2139.163243,2147.612902,0,0,https://everyayah.com/data/Alafasy_128kbps/012095.mp3,334d55e2b9e3ee3fe146bec281ef6dcde70e0773607bc63387960f0f211c4a68
Alafasy_128kbps,12,96,2147.612902,2173.700204,0,0,https://everyayah.com/data/Alafasy_128kbps/012096.mp3,e2268a037dd66fb557c819705ed9ae08ff2d8c74f21b4b78ee10a2f640f60cc8
Alafasy_128kbps,12,97,2173.700204,2189.013492,0.0821,0.0713,https://everyayah.com/data/Alafasy_128kbps/012097.mp3,021def6404c13cec7782564662e5c7631cb785906d1d1e13dbb13852ddbefe64
Alafasy_128kbps,12,98,2189.013492,2200.471111,0.0237,0.2954,https://everyayah.com/data/Alafasy_128kbps/012098.mp3,ed8fd96d585eafeb571fa05aae415cd11ed33c8ad4d1f4f8a50f7119b19ceba7
Alafasy_128kbps,12,99,2200.471111,2219.10034,0.138,0,https://everyayah.com/data/Alafasy_128kbps/012099.mp3,5525c0c6f4d518b19f765203962624fb2cf134064bf62658c02b755ce63289d5
Alafasy_128kbps,12,100,2219.10034,2277.830748,0,0,https://everyayah.com/data/Alafasy_128kbps/012100.mp3,afb29e9ff6cbd396dc423257dc8d45d2c285b2df47ee8da85eacbf3a818acc0f
Alafasy_128kbps,12,101,2277.830748,2306.580952,0,0,https://everyayah.com/data/Alafasy_128kbps/012101.mp3,080733acefec3ea63c012d2191846ee0d7c105a318eff453502f294f7bbaeb44
Alafasy_128kbps,12,102,2306.580952,2326.938594,0,0,https://everyayah.com/data/Alafasy_128kbps/012102.mp3,77e64cf6663fa29a44ba061cfba2e9d9fd4bcef50c6e42f9d16c78a903b7cd7e
Alafasy_128kbps,12,103,2326.938594,2336.323515,0,0,https://everyayah.com/data/Alafasy_128kbps/012103.mp3,663cc7b2374a5c247ee07171382ff84fb10dd217515ab6546b4cd0b909a4ebfb
Alafasy_128kbps,12,104,2336.323515,2346.615737,0,0,https://everyayah.com/data/Alafasy_128kbps/012104.mp3,c5c446b93f9f2dfe35f082dbd907930d776f7a40e9c3aec9045b20774ccb932b
Alafasy_128kbps,12,105,2346.615737,2361.075896,0,0,https://everyayah.com/data/Alafasy_128kbps/012105.mp3,c298dde1ac7e3aee99dda7f468c0b8839acf2409adc419563ab0ac3821a748f3
Alafasy_128kbps,12,106,2361.075896,2371.42483,0,0,https://everyayah.com/data/Alafasy_128kbps/012106.mp3,75e59a05055ee20597ea0c15372941248cc3be9c6988bec2335fffe0400c9f3d
Alafasy_128kbps,12,107,2371.42483,2389.797732,0,0,https://everyayah.com/data/Alafasy_128kbps/012107.mp3,4219dbcd6e0d19d80a25f6ef388495d503f6056799eb7627c0988192c30585c5
Alafasy_128kbps,12,108,2389.797732,2413.387642,0,0,https://everyayah.com/data/Alafasy_128kbps/012108.mp3,a4a6530cd6c006bc27c7a612b2e19f2ba2efa6ab669ce139cd218f37cf068c40
Alafasy_128kbps,12,109,2413.387642,2449.056032,0,0,https://everyayah.com/data/Alafasy_128kbps/012109.mp3,0ad1c3051bd00c194e50705a8b53a231ffbd70d38878acc0f610c2520393e32d
Alafasy_128kbps,12,110,2449.056032,2477.806236,0,0,https://everyayah.com/data/Alafasy_128kbps/012110.mp3,1ef463f87796904404b3f41c5144a6152dd803fb451142af0db3482231975152
Alafasy_128kbps,12,111,2477.806236,2510.147891,0.0269,0.6551,https://everyayah.com/data/Alafasy_128kbps/012111.mp3,3695407f7487e81d51bd86bc65ea8fc792458fdd11a5fb3c91fe85c963b24974
Alafasy_128kbps,36,1,0,4.563447,0,0,https://everyayah.com/data/Alafasy_128kbps/036001.mp3,6e91843741709a62839b420e1ef5287ff2fd50414cbb8d4f774071633df7cbfc
Alafasy_128kbps,36,2,4.563447,9.338617,0,0.0372,https://everyayah.com/data/Alafasy_128kbps/036002.mp3,cdb43916d7ae7c147bacbd7d9226d91dcc213e1f87f583ff37339b204de3fc17
Alafasy_128kbps,36,3,9.338617,15.148798,0,0.0258,https://everyayah.com/data/Alafasy_128kbps/036003.mp3,14f0728878f4a96589c53fa62937330d0ccf98ac6ce39e55f5dcc58fa02cedcd
Alafasy_128kbps,36,4,15.148798,21.358866,0,0.1139,https://everyayah.com/data/Alafasy_128kbps/036004.mp3,bb539188cb7feba9af25c0a5136df9185d332ecb22eab7034ba5cabcb97d12ff
Alafasy_128kbps,36,5,21.358866,27.874739,0,0.1544,https://everyayah.com/data/Alafasy_128kbps/036005.mp3,9aa300db11409dd9d93fb0fea17871593a8d67f1ee5bec9b8f6ca33839705120
Alafasy_128kbps,36,6,27.874739,41.659206,0,0.0572,https://everyayah.com/data/Alafasy_128kbps/036006.mp3,d6712691abe58465dadedd5ed6c43c0093473435937c8ae9b604ec17dc77fd82
Alafasy_128kbps,36,7,41.659206,50.762608,0,0.2485,https://everyayah.com/data/Alafasy_128kbps/036007.mp3,3fb90891fadd0cab9ca85accd0e002901733d9b40ddff5b9cc7a509cee86fbb3
Alafasy_128kbps,36,8,50.762608,65.911995,0.0639,0.1109,https://everyayah.com/data/Alafasy_128kbps/036008.mp3,3cff087d840f596eea71f72e66aa52c8bb04b55fa993dd0cdd31aa91ac1028a9
Alafasy_128kbps,36,9,65.911995,81.475669,0.0436,0.1099,https://everyayah.com/data/Alafasy_128kbps/036009.mp3,ee56c52c629149741c980831833a4b7543ace55b4df6b51c8117a0e0d9978ad7
Alafasy_128kbps,36,10,81.475669,94.441633,0.0289,0.0595,https://everyayah.com/data/Alafasy_128kbps/036010.mp3,363d440ae610bedd1349e523536753835c385a2597ebac9ceb24991e5a7743ef
Alafasy_128kbps,36,11,94.441633,113.94898,0.0629,0.052,https://everyayah.com/data/Alafasy_128kbps/036011.mp3,1bfaaf83bd497682576589e3bfcc19ada50e0526e0e5054e4a253f07627b36a3
Alafasy_128kbps,36,12,113.94898,131.226916,0.0356,0.114,https://everyayah.com/data/Alafasy_128kbps/036012.mp3,4c1ce8a2f5933c489b0774af0246c554f8047d1cf3f246ca9b827150d8f7b4fa
Alafasy_128kbps,36,13,131.226916,143.050748,0.0697,0.0689,https://everyayah.com/data/Alafasy_128kbps/036013.mp3,630922db466ca553afe50dd0c032342801a2fbefd856460828c0100a7004ce70
Alafasy_128kbps,36,14,143.050748,164.946735,0.0385,0.0838,https://everyayah.com/data/Alafasy_128kbps/036014.mp3,df99c1a9eac40547494a87a520ef00546f3ac90ffac7f4a671a740319ff75137
Alafasy_128kbps,36,15,164.946735,185.091043,0.1082,0.256,https://everyayah.com/data/Alafasy_128kbps/036015.mp3,183a8c737e32d3d49bf8f01eee748b4674d57caf2374e3dc55830abeca9761e8
Alafasy_128kbps,36,16,185.091043,195.123401,0,0.031,https://everyayah.com/data/Alafasy_128kbps/036016.mp3,4ad57bbe40fb60d721b2d9579c6451fa4a54c3c0f6a1dc8a29618711de2602b6
Alafasy_128kbps,36,17,195.123401,203.005964,0,0,https://everyayah.com/data/Alafasy_128kbps/036017.mp3,8bc1f5164a3aa248cf3660bf6c3689d28e4b00506542edc5cbd7402f23aabd8a
Alafasy_128kbps,36,18,203.005964,223.349342,0.0412,0.093,https://everyayah.com/data/Alafasy_128kbps/036018.mp3,0956b73ec07faaae48858b698a50ac69c321d8008529bef8b93b40019d662d27
Alafasy_128kbps,36,19,223.349342,239.711633,0.0663,0.1175,https://everyayah.com/data/Alafasy_128kbps/036019.mp3,84c1f1c353aa665b74da398d0d5cec9430b9612f1d0787c8448b47ece8152c7d
Alafasy_128kbps,36,20,239.711633,252.650181,0.0327,0.0457,https://everyayah.com/data/Alafasy_128kbps/036020.mp3,85e6d598746fa3e8252de6f715149dbba68e35eea23dc759b972cba3f8c543fc
Alafasy_128kbps,36,21,252.650181,262.815215,0.0219,0.1146,https://everyayah.com/data/Alafasy_128kbps/036021.mp3,52c2bb4d27693032b5b3a0b7efe930837df5d060c418a0507954fd9d1910bba9
Alafasy_128kbps,36,22,262.815215,273.245669,0.0399,0.0527,https://everyayah.com/data/Alafasy_128kbps/036022.mp3,ca5b7de52efbf0b38a5e74dcbcf5c56f0d52dd9f076461fc586d7c25829b2e7d
Alafasy_128kbps,36,23,273.245669,292.72644,0.0869,0.1228,https://everyayah.com/data/Alafasy_128kbps/036023.mp3,b5ea88668114848ac3d8aa2524f9e438869affd2b03cf3bebf84265eb05a1056
Alafasy_128kbps,36,24,292.72644,302.422608,0.1282,0.0395,https://everyayah.com/data/Alafasy_128kbps/036024.mp3,cc4d37cd178553ca0d2d4512938c8dc4179578aa400bee655e0084509cffc229
Alafasy_128kbps,36,25,302.422608,312.49034,0.0678,0.0367,https://everyayah.com/data/Alafasy_128kbps/036025.mp3,e2e9f628c7c73a689b418611df8fe6e5bd12848af85fd6e41795461b36b7ab8e
Alafasy_128kbps,36,26,312.49034,322.345737,0,0.0297,https://everyayah.com/data/Alafasy_128kbps/036026.mp3,5630719b1a811adab14ec415c2948afe3b5ca59fd00ef69b28d71de5c7317878
Alafasy_128kbps,36,27,322.345737,330.378685,0,0,https://everyayah.com/data/Alafasy_128kbps/036027.mp3,a05315f26000a0a3c7292f925c51e4a5c073867c081f8967d7aebf8653791d3e
Alafasy_128kbps,36,28,330.378685,350.443356,0.0321,0.0987,https://everyayah.com/data/Alafasy_128kbps/036028.mp3,6dc1f5cd240ef1fe8eed8ff895f1cc76f3341d4c5c789882547878c1165dd0e5
Alafasy_128kbps,36,29,350.443356,362.298141,0.0283,0.0305,https://everyayah.com/data/Alafasy_128kbps/036029.mp3,dcc96d54d93a5e75c04c8bdc57c7cc34965f5435e13a88c56b57bf4cc1a38165
Alafasy_128kbps,36,30,362.298141,377.974762,0.0302,0.0295,https://everyayah.com/data/Alafasy_128kbps/036030.mp3,bfb9a936edd1e474abcf4f2bf90fbd6656be698eead468a067286bef69f47ef7
Alafasy_128kbps,36,31,377.974762,390.471769,0,0.0357,https://everyayah.com/data/Alafasy_128kbps/036031.mp3,8f9860ddf5375e61018db5701d5203e2c4106ed1b8f78104940f098780c8f69b
Alafasy_128kbps,36,32,390.471769,399.98873,0.0943,0,https://everyayah.com/data/Alafasy_128kbps/036032.mp3,0c8e5ae4f2217c60f479760df6a58e37962c757f66556d56020620eda97b7e46
Alafasy_128kbps,36,33,399.98873,413.456077,0.0262,0.0453,https://everyayah.com/data/Alafasy_128kbps/036033.mp3,f5ed19467646a188e934b11f235a6235323494bca9e2a005912d74795bd82fdb
Alafasy_128kbps,36,34,413.456077,428.140794,0.0223,0.0459,https://everyayah.com/data/Alafasy_128kbps/036034.mp3,0a3c9ad497b6428db39c13b9911996b5481f93c6dcf205efe0e0b9835e8d3fe2
Alafasy_128kbps,36,35,428.140794,438.539297,0,0.0379,https://everyayah.com/data/Alafasy_128kbps/036035.mp3,dde62116555fe10471c473c600aa271155722fb392091e405bc9753f8f68bbc4
Alafasy_128kbps,36,36,438.539297,454.999388,0.0277,0.0446,https://everyayah.com/data/Alafasy_128kbps/036036.mp3,a01a5597523cd11c6a2756397e42deb135f41fed3dc51f846e5b6dca7f35dbc4
Alafasy_128kbps,36,37,454.999388,466.919637,0.0367,0.0405,https://everyayah.com/data/Alafasy_128kbps/036037.mp3,2fad4df7ebff1220ea600c22a2e84c4f01318df7f99ae6ebd0d97376751f1381
Alafasy_128kbps,36,38,466.919637,477.774671,0,0,https://everyayah.com/data/Alafasy_128kbps/036038.mp3,585ddf7269d5ff704b22c04c821ebf83ba2ce41355e7ab313e58fc9f2365461d
Alafasy_128kbps,36,39,477.774671,487.437687,0,0.0332,https://everyayah.com/data/Alafasy_128kbps/036039.mp3,248ba9505e32760fad41f16263011e13a77566b689ebb817b2c7cb9fa40f9753
Alafasy_128kbps,36,40,487.437687,507.558367,0.0459,0.0771,https://everyayah.com/data/Alafasy_128kbps/036040.mp3,90b2b837809591612b6c4063f3e6ba40e976b0716e124b5f6672d99fb5119d61
Alafasy_128kbps,36,41,507.558367,518.14288,0,0.0383,https://everyayah.com/data/Alafasy_128kbps/036041.mp3,75e03901a5043cb522c6b2ebda2944f01b9cea3279714866c1a689af82b49126
Alafasy_128kbps,36,42,518.14288,526.275714,0.0576,0.0369,https://everyayah.com/data/Alafasy_128kbps/036042.mp3,2257d430b1cabac889d2d2674dc28edb11ccaa5e63545c47cc5c3dd2c7f56725
Alafasy_128kbps,36,43,526.275714,536.741859,0.0334,0.0349,https://everyayah.com/data/Alafasy_128kbps/036043.mp3,285eee58b2ca96b2640087f6e13e0bb75e599be008b0365238e8ca10bf0c6ac8
Alafasy_128kbps,36,44,536.741859,545.466463,0,0.0326,https://everyayah.com/data/Alafasy_128kbps/036044.mp3,d764fa313e1503bd225b934d4ac07b6ae3d69e801b764de1ea39d30ca5e2cbef
Alafasy_128kbps,36,45,545.466463,557.217642,0.0208,0.0497,https://everyayah.com/data/Alafasy_128kbps/036045.mp3,896417a8638f58553e3ee816129bfd94443538e384c97a4165746cf4cc813806
Alafasy_128kbps,36,46,557.217642,569.594422,0.0632,0.0729,https://everyayah.com/data/Alafasy_128kbps/036046.mp3,16c97223af4a027f175c42f16cb43344ee70eaea75f4ca28cd87a459976bbf3a
Alafasy_128kbps,36,47,569.594422,600.263991,0.0444,0.1272,https://everyayah.com/data/Alafasy_128kbps/036047.mp3,b78ea6ba1c975389de81a3335089d3467b442b0f1a5484b5c87c160350a6cd7b
Alafasy_128kbps,36,48,600.263991,610.080204,0.0471,0.0283,https://everyayah.com/data/Alafasy_128kbps/036048.mp3,66c50ecabffd6b6cf7c61d7ad36a7474414e0ed48d69cd1903e8ce85af999c52
Alafasy_128kbps,36,49,610.080204,622.63127,0,0.0378,https://everyayah.com/data/Alafasy_128kbps/036049.mp3,4ed196f7ac8bfb2cf358da6f0e846b17af2a6bddfa622cb3606ee79921ea8eba
Alafasy_128kbps,36,50,622.63127,634.962585,0,0.0432,https://everyayah.com/data/Alafasy_128kbps/036050.mp3,e8ad812cfa111954c606e1e5ee9e40c55c1694dc08cd4be21de82cf7dc16dcaf
Alafasy_128kbps,36,51,634.962585,646.976463,0.0566,0.105,https://everyayah.com/data/Alafasy_128kbps/036051.mp3,9088277c80c15b07e2393ef24f081ea151253f76ca4ec8c9448b9addd2b62ed2
Alafasy_128kbps,36,52,646.976463,663.43449,0.0671,0.0749,https://everyayah.com/data/Alafasy_128kbps/036052.mp3,2dccc8fbc95c7a7e0aece9d2fc4da61ed973a58e0eea2bd4227f2b8eccd58489
Alafasy_128kbps,36,53,663.43449,677.352993,0.0364,0.0679,https://everyayah.com/data/Alafasy_128kbps/036053.mp3,f2fa9fff05fc0983f86da462e1148c68183d415beb371aee1b36cd5075d11a27
Alafasy_128kbps,36,54,677.352993,692.077302,0.0402,0.1587,https://everyayah.com/data/Alafasy_128kbps/036054.mp3,2d8ef537f8355aba3960e4a8ab4fd93244ee3eaa0e65d67bfb69af76014a9188
Alafasy_128kbps,36,55,692.077302,703.700476,0.0689,0.0384,https://everyayah.com/data/Alafasy_128kbps/036055.mp3,66e4fecc0b41d62dc7449307d960fb733dcb7a756ec872e5eebb08787263086f
Alafasy_128kbps,36,56,703.700476,714.688776,0.0591,0.052,https://everyayah.com/data/Alafasy_128kbps/036056.mp3,dc050874ce4a6f3fdee083a0cae390b1ba05d7b2dba3257b0eb7ad4d94b90358
Alafasy_128kbps,36,57,714.688776,724.895669,0.0274,0.0398,https://everyayah.com/data/Alafasy_128kbps/036057.mp3,c3e13314e3bbd9ff3c2917a5d77dcc35d335d7ddb2ebaa4a20f50843e31747d2
Alafasy_128kbps,36,58,724.895669,732.831655,0,0.0671,https://everyayah.com/data/Alafasy_128kbps/036058.mp3,08c8bde8568802f99898bc20475e13cc99a8012ee692cccc9f27e44120c04864
Alafasy_128kbps,36,59,732.831655,740.206032,0.0999,0.1736,https://everyayah.com/data/Alafasy_128kbps/036059.mp3,b83e32adb86985d4d2e555b76314ff5f8e7aba572921c16300e5a53c51671c76
Alafasy_128kbps,36,60,740.206032,759.512857,0.0555,0.0452,https://everyayah.com/data/Alafasy_128kbps/036060.mp3,11305ecbfc2f5115f002b73990082379d7c2c8a9977a41e06fcee65817b3a492
Alafasy_128kbps,36,61,759.512857,768.824422,0,0.0418,https://everyayah.com/data/Alafasy_128kbps/036061.mp3,f56f3b2652219ac643eb73e755680e85badf20c49e8496127ef999bbbac5ae61
Alafasy_128kbps,36,62,768.824422,781.033628,0.0598,0.0427,https://everyayah.com/data/Alafasy_128kbps/036062.mp3,d4c67721cb7c55bae74cf3da77e7051780f1825eba560c328eebd5f84c8f5288
Alafasy_128kbps,36,63,781.033628,789.82424,0.0716,0.0478,https://everyayah.com/data/Alafasy_128kbps/036063.mp3,a3a7d79efb0d2800d172bc5303a2d8c1b4a31409e2f2bb16cc9b2521aa87b17a
Alafasy_128kbps,36,64,789.82424,798.061383,0.1016,0.0333,https://everyayah.com/data/Alafasy_128kbps/036064.mp3,d5eff931f1c22e371610ff940582e047b775d21a2e55bf191e4ee9ce3ab1e794
Alafasy_128kbps,36,65,798.061383,815.186825,0,0.1478,https://everyayah.com/data/Alafasy_128kbps/036065.mp3,067af627ba454e3db66b34882e808f18dcb09e9341a0cfd57ceb8ab1a5057c6b
Alafasy_128kbps,36,66,815.186825,829.577392,0.1227,0.0505,https://everyayah.com/data/Alafasy_128kbps/036066.mp3,2f925a7e8a27213e4c9ae4f8697f24eca608b2130625770bd2a96a110987ca5e
Alafasy_128kbps,36,67,829.577392,843.642381,0.0299,0.0584,https://everyayah.com/data/Alafasy_128kbps/036067.mp3,e9b2ef01667535d0dfd057ba98ced3d164d2ac936c85e4d5c7cb11a08f39e6b5
Alafasy_128kbps,36,68,843.642381,853.96322,0.1005,0.0302,https://everyayah.com/data/Alafasy_128kbps/036068.mp3,4752e95e7c9f467d56a429fcb1d9cf0a2f2a7a21c74bcd4dbad6ba29e1ce0e18
Alafasy_128kbps,36,69,853.96322,868.777052,0.0358,0.055,https://everyayah.com/data/Alafasy_128kbps/036069.mp3,71cdb90c17f773b526aa0baf02036e3e582536bf4e39f6d863f2b70f55921eac
Alafasy_128kbps,36,70,868.777052,880.042063,0.0886,0.1328,https://everyayah.com/data/Alafasy_128kbps/036070.mp3,3331cef514dd3c968b431c9925e94f5e90a072394e8677328c85ab67fc93fdfa
Alafasy_128kbps,36,71,880.042063,896.907029,0.1798,0.4523,https://everyayah.com/data/Alafasy_128kbps/036071.mp3,887425ca35b9d5400ca4d08d09e5331f31d66c737c07de269b4fb3e94ac9bcd5
Alafasy_128kbps,36,72,896.907029,906.54415,0.0485,0.0766,https://everyayah.com/data/Alafasy_128kbps/036072.mp3,9001b08d1a06f9c8da471a2dfbbc9517d91507ac0634d967b18803e7563c3c66
Alafasy_128kbps,36,73,906.54415,915.106871,0.1028,0.0746,https://everyayah.com/data/Alafasy_128kbps/036073.mp3,6c1111b64dfb41162586f153902755d84ed6f3888488b64fbea17f13be621d58
Alafasy_128kbps,36,74,915.106871,925.655624,0.0827,0.0581,https://everyayah.com/data/Alafasy_128kbps/036074.mp3,96ee9f84131bbdefe972eaa24ffc1da0b058af6a08f523365b21eae627e88c92
Alafasy_128kbps,36,75,925.655624,936.074127,0.0325,0.0484,https://everyayah.com/data/Alafasy_128kbps/036075.mp3,80237f85cfe03338e5c9e0af73e67f5cbbf4e6db6ca1e0d8dbd6c6273cf9e90d
Alafasy_128kbps,36,76,936.074127,948.348435,0,0.0336,https://everyayah.com/data/Alafasy_128kbps/036076.mp3,38ec4dea251668835df087478d7023f7153486b644312d0ccd19c41d04c342bb
Alafasy_128kbps,36,77,948.348435,963.194807,0.0246,0.0466,https://everyayah.com/data/Alafasy_128kbps/036077.mp3,76fd8887bcd2163baff06628ca86527b8ccf7e28276200df030dfa5850e5db3f
Alafasy_128kbps,36,78,963.194807,975.566803,0.075,0.0462,https://everyayah.com/data/Alafasy_128kbps/036078.mp3,a372ab4eb8af0d7cbb986bf44954bcc69885adc0d137a903ea02d901cb58fc4c
Alafasy_128kbps,36,79,975.566803,989.599229,0.029,0.0366,https://everyayah.com/data/Alafasy_128kbps/036079.mp3,da94b1ee5f2fc333226e050455a7ae43facac263b1b898f43c11d21a4494cb4e
Alafasy_128kbps,36,80,989.599229,1004.282812,0,0.0451,https://everyayah.com/data/Alafasy_128kbps/036080.mp3,c4e79b32fc2a3e61bea55f41b129788a19875b597829b20c0688d0d98f8ef00c
Alafasy_128kbps,36,81,1004.282812,1022.319864,0.0351,0.044,https://everyayah.com/data/Alafasy_128kbps/036081.mp3,98b200121040462c66f0c6b6a2f878960f38772f7e3e3ba7a717d2499dba30c7
Alafasy_128kbps,36,82,1022.319864,1039.575533,0.0354,0.0441,https://everyayah.com/data/Alafasy_128kbps/036082.mp3,47d88b9bbb1d4f0ee351338e679ef54969d372a465c4defed7106b717952dfc4
Alafasy_128kbps,36,83,1039.575533,1052.080884,0.0224,0.1468,https://everyayah.com/data/Alafasy_128kbps/036083.mp3,2e9792dd49afbfb5811d33caa9618947fc46d52938b4bc63b91898ad8e153179
Alafasy_128kbps,55,1,0,4.560181,0.0558,0.0252,https://everyayah.com/data/Alafasy_128kbps/055001.mp3,986cd39a0a9d18be2d1e3c7df3bf6c1e1f0909d17a0908f6eb7f60924cde9165
Alafasy_128kbps,55,2,4.560181,9.30263,0,0.0219,https://everyayah.com/data/Alafasy_128kbps/055002.mp3,22685195489ac10a18e386ddce31d27a55e783555c20424222a91d8ea73895ad
Alafasy_128kbps,55,3,9.30263,14.775873,0,0.0433,https://everyayah.com/data/Alafasy_128kbps/055003.mp3,4bdb868bce62416892fe558c4eaa46aee8af6a1061049fea99213d84e5bb59ee
Alafasy_128kbps,55,4,14.775873,19.654195,0,0.0305,https://everyayah.com/data/Alafasy_128kbps/055004.mp3,8cf65bff414df3d72e0e066dc864aa9dd3842eeac8e27f14e9ba915ccc4c3110
Alafasy_128kbps,55,5,19.654195,25.920658,0,0.0313,https://everyayah.com/data/Alafasy_128kbps/055005.mp3,bb780cd99323430c4bed95edde5454ef322854e475f058c5b4145b8a2161c360
Alafasy_128kbps,55,6,25.920658,32.25322,0,0.0363,https://everyayah.com/data/Alafasy_128kbps/055006.mp3,bc5ec364fc08cbc12ff88d41c476edf77fc9fa6bbb37344aaae675ae8b7da050
Alafasy_128kbps,55,7,32.25322,40.661383,0,0.0383,https://everyayah.com/data/Alafasy_128kbps/055007.mp3,4d43ff2d07d8c152b8fe720cdfce6f5f12545939e41763f46547161a770ff1d6
Alafasy_128kbps,55,8,40.661383,46.570884,0,0.0324,https://everyayah.com/data/Alafasy_128kbps/055008.mp3,d98d677de6b2dc22d70585d550338352487d0121ef0759f73b1671287488c130
Alafasy_128kbps,55,9,46.570884,54.952608,0,0.062,https://everyayah.com/data/Alafasy_128kbps/055009.mp3,6b9aaf77c1758c2b63169948c3e65aa3d517bbf63cae160e25f6e4ea3b55c723
Alafasy_128kbps,55,10,54.952608,60.782789,0,0.022,https://everyayah.com/data/Alafasy_128kbps/055010.mp3,706a161a81cd79b185c1f7e614f8f4a65fb4db9e451bfcc600f1323699c73412
Alafasy_128kbps,55,11,60.782789,70.433673,0,0.0355,https://everyayah.com/data/Alafasy_128kbps/055011.mp3,d581f37ea7f0a5cc3af8b9ae9ece08157b55623ea7a383a5ee5ef8efb212db0f
Alafasy_128kbps,55,12,70.433673,77.004195,0,0.0606,https://everyayah.com/data/Alafasy_128kbps/055012.mp3,60bbc26ed91e3b08304aeab7ec594597eb45faa78abd0d36cd22fd365b01f55a
Alafasy_128kbps,55,13,77.004195,86.58898,0,0.0664,https://everyayah.com/data/Alafasy_128kbps/055013.mp3,6f197a5ad2bda84bff0ff0958df888a60a8e0f59b78303a6fc959bf838d2ef62
Alafasy_128kbps,55,14,86.58898,97.456122,0.0273,0.0278,https://everyayah.com/data/Alafasy_128kbps/055014.mp3,0f4a9156aeb9c81a75dda349c6e705c08ffd0162acb29004b5fca09a3be1631d
Alafasy_128kbps,55,15,97.456122,109.394127,0,0.093,https://everyayah.com/data/Alafasy_128kbps/055015.mp3,85ea926b3a7d7e161dc3309a5e304a6585d54ff6ef13653bb9c43e04686666a4
Alafasy_128kbps,55,16,109.394127,118.093129,0,0.1876,https://everyayah.com/data/Alafasy_128kbps/055016.mp3,8570b00ea48892f24d42ee7a4ccd39d5dc15ce26a8d481f66caf3f3eae68f6ff
Alafasy_128kbps,55,17,118.093129,124.663651,0,0.0747,https://everyayah.com/data/Alafasy_128kbps/055017.mp3,c6926bafb4a0edfdce337374cb425787a5ca4ff93ff84fabba724b21495e4d8f
Alafasy_128kbps,55,18,124.663651,132.966054,0.0391,0.0588,https://everyayah.com/data/Alafasy_128kbps/055018.mp3,d1c004501bf71a38eef12ebab9d41db2c4dc1cd56b6a4af3615237f26623c654
Alafasy_128kbps,55,19,132.966054,138.558277,0,0.0369,https://everyayah.com/data/Alafasy_128kbps/055019.mp3,89bbd664a9782fd945eff4ebee2df3bbbace6f4f57cfe1bc1e51d3b66ad249a4
Alafasy_128kbps,55,20,138.558277,145.023039,0,0.0626,https://everyayah.com/data/Alafasy_128kbps/055020.mp3,ef2181f5bc8b8a32fcabc094e8b81cae70c041eac0271908dc14ed793fcf538b
Alafasy_128kbps,55,21,145.023039,154.369841,0,0.0696,https://everyayah.com/data/Alafasy_128kbps/055021.mp3,f29e1d7eb4dc7972a1cb9c116f83636fb7bcbe16f9923502ff0b883807e5a343
Alafasy_128kbps,55,22,154.369841,161.469184,0,0.0509,https://everyayah.com/data/Alafasy_128kbps/055022.mp3,9e3b5a92b31755f912eb08f84a425566778a63a47632e9876f4c50c555f4faaa
Alafasy_128kbps,55,23,161.469184,170.035986,0,0.04,https://everyayah.com/data/Alafasy_128kbps/055023.mp3,972041c0c44f33b6d50ea206f26b86681e3f93a813aea0585c92f5e977b19526
Alafasy_128kbps,55,24,170.035986,178.946531,0,0.0692,https://everyayah.com/data/Alafasy_128kbps/055024.mp3,ebc8e634ba2c751791abe670cf3cf957a231d23be0f7f1f2e56ed43cce4b8131
Alafasy_128kbps,55,25,178.946531,188.108254,0,0.0567,https://everyayah.com/data/Alafasy_128kbps/055025.mp3,0caf68c0e67782e3eb9b3cf52ff80db9cf1d631634a0ea09d427ad67d136e07d
Alafasy_128kbps,55,26,188.108254,193.488957,0,0.044,https://everyayah.com/data/Alafasy_128kbps/055026.mp3,c828804731ca208be76d803c580d1dbc87b602e9292a35d24273e6e1b515f98f
Alafasy_128kbps,55,27,193.488957,201.84424,0,0.0448,https://everyayah.com/data/Alafasy_128kbps/055027.mp3,7e0a748e3e4747707d3d5caeac79bd6d717916afd0d09b226310afec28ce252e
Alafasy_128kbps,55,28,201.84424,211.085283,0,0.0402,https://everyayah.com/data/Alafasy_128kbps/055028.mp3,45878ebcbb99efed2cabf5f26c65378dd1853c3d52ba1cdf5a429a3166cb4517
Alafasy_128kbps,55,29,211.085283,220.114807,0,0.0803,https://everyayah.com/data/Alafasy_128kbps/055029.mp3,64d9dbb751414bb7b073b39991d443e6b5ecfc713d43fe5f8328b6ce130c1a66
Alafasy_128kbps,55,30,220.114807,228.893129,0,0.0597,https://everyayah.com/data/Alafasy_128kbps/055030.mp3,ef43a7516d16852f3bcaf41b7b3b8d2c9e52235b3fd6595df4387854a11a2b98
Alafasy_128kbps,55,31,228.893129,235.384331,0,0,https://everyayah.com/data/Alafasy_128kbps/055031.mp3,a986b9f236268344da70595dede6bd4e40c02459ad1552e82c09e8497946cc87
Alafasy_128kbps,55,32,235.384331,244.136213,0,0.0394,https://everyayah.com/data/Alafasy_128kbps/055032.mp3,62e8930dbfd14326b5002eddf19309da29a5a7af0e74f3624db36cebf657bbb4
Alafasy_128kbps,55,33,244.136213,268.038662,0,0.1,https://everyayah.com/data/Alafasy_128kbps/055033.mp3,6d74ff11964d072c64790120be0ee1a53e319108229f1d2a29093e7a5f44e7c2
Alafasy_128kbps,55,34,268.038662,276.816984,0,0.0419,https://everyayah.com/data/Alafasy_128kbps/055034.mp3,3dc5ba2e3d733f036a672ed79a392fef7a691271ea6b830ca7b772f589ffc196
Alafasy_128kbps,55,35,276.816984,291.319751,0,0.0534,https://everyayah.com/data/Alafasy_128kbps/055035.mp3,db9a233b2ddf866c8dcbc9718cdc0dee600cdc174ca081dc9b81b2fd8932a260
Alafasy_128kbps,55,36,291.319751,301.023515,0,0.0734,https://everyayah.com/data/Alafasy_128kbps/055036.mp3,dc67bd2807f2850a20bcd6a24a69909a7e7dd9c46fd139d46b4bc24972a98952
Alafasy_128kbps,55,37,301.023515,313.199478,0,0.0752,https://everyayah.com/data/Alafasy_128kbps/055037.mp3,d41140ce03370e2a35c432406ab321c77917de47fb2de6f90f798b24160fb17f
Alafasy_128kbps,55,38,313.199478,321.96458,0,0.054,https://everyayah.com/data/Alafasy_128kbps/055038.mp3,03d1f6be7f3e112a8625964b7979402f9d54b374ffb5c376ba724cae467a01af
Alafasy_128kbps,55,39,321.96458,336.982925,0,0.1635,https://everyayah.com/data/Alafasy_128kbps/055039.mp3,f8b21e91c1afe1b3810d0dfa9c9154ff8badcc740479f8a31bd2cd42b094cbf4
Alafasy_128kbps,55,40,336.982925,346.56771,0,0.0451,https://everyayah.com/data/Alafasy_128kbps/055040.mp3,960b42a41fef007ed7377257e50ba820aec40bf48529a10b53fdac66e994f1bb
Alafasy_128kbps,55,41,346.56771,358.109093,0,0.0417,https://everyayah.com/data/Alafasy_128kbps/055041.mp3,445be07c0be11a5519f1d7e85fa36aaf9369197af04257bd933c71679eb31374
Alafasy_128kbps,55,42,358.109093,367.363356,0,0.0398,https://everyayah.com/data/Alafasy_128kbps/055042.mp3,660fce83323eedebd7cd278ae7fdb72cced850ca29aff276e8c691b9e31511da
Alafasy_128kbps,55,43,367.363356,376.2739,0,0.0428,https://everyayah.com/data/Alafasy_128kbps/055043.mp3,b47a9529573c930a787ea94eb73116adcdebf09abbf9972b093ddd1811c243ac
Alafasy_128kbps,55,44,376.2739,384.417664,0,0.027,https://everyayah.com/data/Alafasy_128kbps/055044.mp3,3478255b1905c8f03f48dc843f0fa9150523fd8428dc787c19a0244e026cd52d
Alafasy_128kbps,55,45,384.417664,393.949569,0,0.0484,https://everyayah.com/data/Alafasy_128kbps/055045.mp3,ed963f92e2dab933919d9d983f4c2556fb6219ba654f089ad53aa122cf20d09f
Alafasy_128kbps,55,46,393.949569,402.013991,0,0.0311,https://everyayah.com/data/Alafasy_128kbps/055046.mp3,e856127dc561092e6036614b94ffeccc8c0be17a802abc007b7d7697e8ea62ec
Alafasy_128kbps,55,47,402.013991,411.281474,0,0.0341,https://everyayah.com/data/Alafasy_128kbps/055047.mp3,83f06d36d7482af492dcd264d7b6e8c0ae710b5cfa8563994f726f4aa10991cd
Alafasy_128kbps,55,48,411.281474,417.257075,0,0.0203,https://everyayah.com/data/Alafasy_128kbps/055048.mp3,792a897f144e46e1e40f9cb4436e033ab487197b2426d23e4590f570a6bc313e
Alafasy_128kbps,55,49,417.257075,426.114739,0,0.0356,https://everyayah.com/data/Alafasy_128kbps/055049.mp3,6e2fb1eae66dfeac83869bd23c825ec82137d074ca30d290cd8d682186c3f1dd
Alafasy_128kbps,55,50,426.114739,432.10356,0,0.0201,https://everyayah.com/data/Alafasy_128kbps/055050.mp3,d533f34d913125074470bccf57e5bbe6d07dd7f016b137b1d48db18c2eb678ac
Alafasy_128kbps,55,51,432.10356,440.604263,0,0.0203,https://everyayah.com/data/Alafasy_128kbps/055051.mp3,8e584cdea5424555cc3f3d779f7925d904abfdf480f15f4c467ba8201d0d8f9a
Alafasy_128kbps,55,52,440.604263,449.144626,0,0.0386,https://everyayah.com/data/Alafasy_128kbps/055052.mp3,5790973c62be248b37a070f0e1ac21f23feccea7f34c72118844b40d00ea9efb
Alafasy_128kbps,55,53,449.144626,457.566009,0,0.0269,https://everyayah.com/data/Alafasy_128kbps/055053.mp3,f1e9d5d6e97d82b9c6da7b83a36e0eeb29dbc6eb947b641259b3d3d3f227c7ec
Alafasy_128kbps,55,54,457.566009,472.227415,0.0228,0.0881,https://everyayah.com/data/Alafasy_128kbps/055054.mp3,10452784c7f850407fcee8f83eb8b54f008cfa0c635e3172f69c8e73f8355386
Alafasy_128kbps,55,55,472.227415,481.204059,0,0.0551,https://everyayah.com/data/Alafasy_128kbps/055055.mp3,756d3a00f06fbd17784f7ba27db58f9dda81e76ab8be5ead851a13e72bc62fb1
Alafasy_128kbps,55,56,481.204059,496.685125,0,0.1617,https://everyayah.com/data/Alafasy_128kbps/055056.mp3,491ece8b5e36e12797cfc200d7704e468efc483391985e89f9813256f031f4b2
Alafasy_128kbps,55,57,496.685125,505.582449,0.0272,0.0639,https://everyayah.com/data/Alafasy_128kbps/055057.mp3,98d54e273b53331621e4afb790c41ba00ec742a15e7432639d26fbf5c533b91b
Alafasy_128kbps,55,58,505.582449,513.805533,0,0.0457,https://everyayah.com/data/Alafasy_128kbps/055058.mp3,78cec6f399f9f9bb9e0dc310cc4747236b05e559dd3a85fb1720ac063d320208
Alafasy_128kbps,55,59,513.805533,522.451655,0,0.0599,https://everyayah.com/data/Alafasy_128kbps/055059.mp3,45ba2b35c1daba3330a0e36d95da053008809d38cbb120bee81041a432d01a27
Alafasy_128kbps,55,60,522.451655,530.846599,0,0.038,https://everyayah.com/data/Alafasy_128kbps/055060.mp3,18c0ce42bb445e25b97f3d67d08b436e88db6e12b3f88cbaab3b70eb4aef62fe
Alafasy_128kbps,55,61,530.846599,539.929002,0,0.0312,https://everyayah.com/data/Alafasy_128kbps/055061.mp3,58bd9a5b26398a36b624f2750abfc80084510c09f5ee59654576ed62ea606ff6
Alafasy_128kbps,55,62,539.929002,546.830045,0,0.0255,https://everyayah.com/data/Alafasy_128kbps/055062.mp3,d605b7b6ce6a47b1861e71af9c67461d8543c44ae902763b4f450c8f0b221baa
Alafasy_128kbps,55,63,546.830045,555.72737,0,0.0387,https://everyayah.com/data/Alafasy_128kbps/055063.mp3,6c106965e20685d11159fb4f53bb00c89150f3091bf2dbcd55b0b1ed73d42a39
Alafasy_128kbps,55,64,555.72737,563.448073,0,0.043,https://everyayah.com/data/Alafasy_128kbps/055064.mp3,1e542e15d7f586d41565a9bd71563f60f2e7fd91327d2bf4d76b37e90cf148ff
Alafasy_128kbps,55,65,563.448073,572.556916,0,0.0448,https://everyayah.com/data/Alafasy_128kbps/055065.mp3,68e93e2f92298c9421de22689baaa76b50cfcd475fdaf45ddf3a70b9b1bed03d
Alafasy_128kbps,55,66,572.556916,579.008458,0,0.0282,https://everyayah.com/data/Alafasy_128kbps/055066.mp3,18df462cefa45e0bf3ca01908efbc4dcd3af3c2361a60155fe7edeaa233ca6a9
Alafasy_128kbps,55,67,579.008458,587.77356,0,0.0561,https://everyayah.com/data/Alafasy_128kbps/055067.mp3,e8a97ce14acaa7d515bcf7dcd23638418e30a86d6aaf240b7f4d3352120fee7c
Alafasy_128kbps,55,68,587.77356,596.882404,0,0.0272,https://everyayah.com/data/Alafasy_128kbps/055068.mp3,ceff485d579d8ee7064c891248e78c2287d9746b73ee44689f5ca93cb362abc5
Alafasy_128kbps,55,69,596.882404,605.594626,0,0.036,https://everyayah.com/data/Alafasy_128kbps/055069.mp3,ab3ed09207b644aa0a6876d344923c3c25f5da084611254391293e945af48ec0
Alafasy_128kbps,55,70,605.594626,612.627868,0,0.0284,https://everyayah.com/data/Alafasy_128kbps/055070.mp3,e9e13e74810251c1e3148e06b106040391268b624b81693a15a630143ee072da
Alafasy_128kbps,55,71,612.627868,621.723492,0,0,https://everyayah.com/data/Alafasy_128kbps/055071.mp3,e1f9a98c64bb7c9cdb802a114bf9a55a87ed75c2f4dcf147740e359ad7b5ce78
Alafasy_128kbps,55,72,621.723492,629.391315,0,0,https://everyayah.com/data/Alafasy_128kbps/055072.mp3,5f092c4883efda026a162e736214f68ea0c4aac1037602855e922bd4f5c04f41
Alafasy_128kbps,55,73,629.391315,638.2622,0,0.0566,https://everyayah.com/data/Alafasy_128kbps/055073.mp3,ec90b1bbb480d4e7e59a3eae6222b543bc3dcbb66f5f97cab2a50b89e6616cc2
Alafasy_128kbps,55,74,638.2622,649.129342,0,0.0983,https://everyayah.com/data/Alafasy_128kbps/055074.mp3,9a4125c55fac75247e5f1f1f8bf3118f1348af788c8286bf115fd13911f02956
Alafasy_128kbps,55,75,649.129342,657.894444,0,0.0451,https://everyayah.com/data/Alafasy_128kbps/055075.mp3,6a79015b2ee098a6f2082aae0733d85dbe409f0c9c546243ade7d8f332031467
Alafasy_128kbps,55,76,657.894444,667.360227,0,0.0478,https://everyayah.com/data/Alafasy_128kbps/055076.mp3,a72ee103a3e6fe3b056309d64c243a81d6f7cc85157ba0a361cdb5423dd1167a
Alafasy_128kbps,55,77,667.360227,676.217891,0,0.0349,https://everyayah.com/data/Alafasy_128kbps/055077.mp3,0831ecfdf3bab3ae1ab27c5fca64b5f21d7e3bd0d8c6e86c191ba025cbd34973
Alafasy_128kbps,55,78,676.217891,686.419932,0,1.1254,https://everyayah.com/data/Alafasy_128kbps/055078.mp3,183d46bffe47502417a0fc4cdd979ad4fbe77b78947a84de2c2460faeb485063
Alafasy_128kbps,56,1,0,3.491882,0.0389,0.0269,https://everyayah.com/data/Alafasy_128kbps/056001.mp3,7045e04741211d0435a0c72057004acd790251319653fef9680af29d9af9deb5
Alafasy_128kbps,56,2,3.491882,7.571859,0.0474,0.0403,https://everyayah.com/data/Alafasy_128kbps/056002.mp3,d9e64249f5ed8fe32a5be95d120547e274d459b8bdff6b278ad49393bfb8aa0b
Alafasy_128kbps,56,3,7.571859,10.769683,0.0213,0.1924,https://everyayah.com/data/Alafasy_128kbps/056003.mp3,e6aea06bb54d4faa66759e58990c224afdc067ab41f2bf4b5d2bbd9bf1b64df3
Alafasy_128kbps,56,4,10.769683,14.84966,0.0205,0.0628,https://everyayah.com/data/Alafasy_128kbps/056004.mp3,d9f3cdef0581e9ffdd8a4cd3a4884fae63d27f4cd71ede85e785331eb9e46365
Alafasy_128kbps,56,5,14.84966,18.782608,0,0.05,https://everyayah.com/data/Alafasy_128kbps/056005.mp3,2cb4d7fb91623e1b0cc14c902e03bae6512ad57a09f38c95116ea857985547fb
Alafasy_128kbps,56,6,18.782608,26.097166,0,0.0601,https://everyayah.com/data/Alafasy_128kbps/056006.mp3,5c5260f065e79872e0abea387a2c3c33bd2cd4f77aa46df74235358f9611fe26
Alafasy_128kbps,56,7,26.097166,32.051723,0.0282,0.2466,https://everyayah.com/data/Alafasy_128kbps/056007.mp3,4f7b9e893d19539d60b6260add2757267423cb7e4052dc3cecff3a9422357c22
Alafasy_128kbps,56,8,32.051723,39.623583,0.0284,0.1743,https://everyayah.com/data/Alafasy_128kbps/056008.mp3,ba19223a01ca76aaf5c2fa5deb0188d3dd9ecc283b5b00aebbe9a9f724e6c9c6
Alafasy_128kbps,56,9,39.623583,47.544626,0.052,0.1734,https://everyayah.com/data/Alafasy_128kbps/056009.mp3,e63178ca6ea0a0d3eea565455362a91852935f1bdd05b4dd3ed320a667b714d8
Alafasy_128kbps,56,10,47.544626,53.499184,0.0432,0.175,https://everyayah.com/data/Alafasy_128kbps/056010.mp3,40b125005db6267361dc0ac94d68c66e7999445ec051f4e2683b3e5d1134447e
Alafasy_128kbps,56,11,53.499184,60.18161,0.0712,0.1979,https://everyayah.com/data/Alafasy_128kbps/056011.mp3,9870d48daa4f4f6c91fe1a959e25da631c1663111637ad87721c129d2c4c9ad8
Alafasy_128kbps,56,12,60.18161,66.881655,0.0339,0.1677,https://everyayah.com/data/Alafasy_128kbps/056012.mp3,9c618dadee0b4cdca4ad551944d8b36e95aca89e23d50c4e0a003809bfa50c24
Alafasy_128kbps,56,13,66.881655,73.079864,0.0261,0.1344,https://everyayah.com/data/Alafasy_128kbps/056013.mp3,062d66e63b4375d959c852309aac405113d62ae879a2a9b9bbefd095a5fbdc46
Alafasy_128kbps,56,14,73.079864,79.806327,0,0.1775,https://everyayah.com/data/Alafasy_128kbps/056014.mp3,98f83b05662ff75bd06f8e8bd4d0c4fc54d2433ad2b411b07332bb8f0b94b6a4
Alafasy_128kbps,56,15,79.806327,84.049977,0,0.1047,https://everyayah.com/data/Alafasy_128kbps/056015.mp3,935bfa53efbe9a4674f2f4d7eb713dcb107a16e25c74b57a22cf5e30965bbcaf
Alafasy_128kbps,56,16,84.049977,91.005351,0.0206,0.1279,https://everyayah.com/data/Alafasy_128kbps/056016.mp3,1b81c7eb154e61bb42b7fe6173ce07fd055ff11be3c956cf0492c0542e0a326f
Alafasy_128kbps,56,17,91.005351,99.061247,0,0.1522,https://everyayah.com/data/Alafasy_128kbps/056017.mp3,cea64a08aca491905e7d361823130a39f90e229479415c79ae391764c3fdbfcc
Alafasy_128kbps,56,18,99.061247,109.353424,0,0.1349,https://everyayah.com/data/Alafasy_128kbps/056018.mp3,9fa64a2585b569ed717ec697b1f375364b92d142321d08883d478934bf625534
Alafasy_128kbps,56,19,109.353424,117.594218,0.0351,0.1118,https://everyayah.com/data/Alafasy_128kbps/056019.mp3,05bb6ab3e2d08327c90a47c0874caaf34083e39e8546334fa7f0b6303da6e39a
Alafasy_128kbps,56,20,117.594218,125.835011,0.0272,0.0635,https://everyayah.com/data/Alafasy_128kbps/056020.mp3,ccc45bf5b6e284656ab26d69e621053bdb7f2b84c07eacec13beae703fc1c0a7
Alafasy_128kbps,56,21,125.835011,134.269501,0,0.1165,https://everyayah.com/data/Alafasy_128kbps/056021.mp3,3e98ee889fbb0f6f1ed3254c745ae33dcc83dad78e1bb785bf8025a4f4e8eeab
Alafasy_128kbps,56,22,134.269501,138.601202,0,0.0969,https://everyayah.com/data/Alafasy_128kbps/056022.mp3,35cce94a3c2396de27f11e6d8c52892cb828d0a37f361ecd27e41ed151b9bbd5
Alafasy_128kbps,56,23,138.601202,144.764195,0,0.1131,https://everyayah.com/data/Alafasy_128kbps/056023.mp3,c963376ee3a45b3c18911d1748b4ce179bf03e25d24613f445aee2640c257ee9
Alafasy_128kbps,56,24,144.764195,153.691723,0.0313,0.1136,https://everyayah.com/data/Alafasy_128kbps/056024.mp3,2474b7acde68a0a4793c3a623c2797a63022542700fd19ea564ee08e72169d8c
Alafasy_128kbps,56,25,153.691723,161.113719,0.0251,0.0907,https://everyayah.com/data/Alafasy_128kbps/056025.mp3,e744ebe838574723cc220e5573ded401b081f3f2d2edd33e4e08a4cfe45ba479
Alafasy_128kbps,56,26,161.113719,167.52322,0,0.122,https://everyayah.com/data/Alafasy_128kbps/056026.mp3,f5d89d7edd2ed68faef99b4614ed7f07fb2052fbdc66fc40475bad7e037ffe85
Alafasy_128kbps,56,27,167.52322,176.512381,0,0.101,https://everyayah.com/data/Alafasy_128kbps/056027.mp3,2d92d332fe80cc464476f0cf11297677e1fc580a351bb08bf454a395e4e71b83
Alafasy_128kbps,56,28,176.512381,181.918209,0.0234,0.0788,https://everyayah.com/data/Alafasy_128kbps/056028.mp3,0cc179cc19b94b001f117395ea9f8d51e0cb08564e6e519babb8b74c8b6bfba4
Alafasy_128kbps,56,29,181.918209,187.579342,0,0.1136,https://everyayah.com/data/Alafasy_128kbps/056029.mp3,e90dc88712786010b88303d66a8a8c472aec8be46cedc8bc7dcde6d9b373b5ba
Alafasy_128kbps,56,30,187.579342,192.949955,0.0405,0.1313,https://everyayah.com/data/Alafasy_128kbps/056030.mp3,334b1f9c33966a4a6a67f64e7c6a59bd288f439ad4d15b611d7be501e621f9bf
Alafasy_128kbps,56,31,192.949955,199.711633,0,0.1109,https://everyayah.com/data/Alafasy_128kbps/056031.mp3,1a973deccb3492df53eb3f6ff76d9b9de35609444e6a7db7e1f9faccab72847a
Alafasy_128kbps,56,32,199.711633,203.849637,0,0.1146,https://everyayah.com/data/Alafasy_128kbps/056032.mp3,300de42642d20b875849b41caaa4f6f2b5869c35790eb8a023917e32bfd98ae5
Alafasy_128kbps,56,33,203.849637,209.017732,0,0.1041,https://everyayah.com/data/Alafasy_128kbps/056033.mp3,e18edcb8ef66eea8b3f64e98ae1c17c2692902f0a580ec38b9ad93c856d1c602
Alafasy_128kbps,56,34,209.017732,212.557052,0,0.0961,https://everyayah.com/data/Alafasy_128kbps/056034.mp3,f56f111906959066838bf13d5cac800aad0c1bac7cc5dda05325d64ed6462918
Alafasy_128kbps,56,35,212.557052,223.694444,0,0.0968,https://everyayah.com/data/Alafasy_128kbps/056035.mp3,d384d01597d2fd10d97ec98b1f988a780f53559efe6ede565fe9d2856cbc6a94
Alafasy_128kbps,56,36,223.694444,228.575465,0,0.0532,https://everyayah.com/data/Alafasy_128kbps/056036.mp3,ec9faa81ada500c0fa95158f18a4bccfb136bb2ec9dd150d88a102c46ac1073d
Alafasy_128kbps,56,37,228.575465,231.507166,0,0.0494,https://everyayah.com/data/Alafasy_128kbps/056037.mp3,882051f57cffc46c642d35115e7bb8b5378bfca3ce5b7e0d89849852f04bbb70
Alafasy_128kbps,56,38,231.507166,236.10195,0,0.1177,https://everyayah.com/data/Alafasy_128kbps/056038.mp3,5037f96150c4fd8d8ed98dd1c3d6199d029af5efa05cb13fdff07dd6f6e92943
Alafasy_128kbps,56,39,236.10195,242.042698,0.0227,0.0592,https://everyayah.com/data/Alafasy_128kbps/056039.mp3,5fea5f1ee2856c3b9e74ef99a4fda7474c78b7e61c612fff0209e204a44c512d
Alafasy_128kbps,56,40,242.042698,248.393424,0,0.1282,https://everyayah.com/data/Alafasy_128kbps/056040.mp3,5495f85f311e66cc392a87674b88d99ed6284c79b81300be3b6e98db42082689
Alafasy_128kbps,56,41,248.393424,257.165306,0,0.0633,https://everyayah.com/data/Alafasy_128kbps/056041.mp3,319b909c4a7fca905601f1bf3d7967117de532fffd8e32753d0c3f777e3afcef
Alafasy_128kbps,56,42,257.165306,263.183401,0.0271,0.0889,https://everyayah.com/data/Alafasy_128kbps/056042.mp3,e3e5a678673864085ac26766d87da1d86c092f7fcc3d50d5f951f388736eb319
Alafasy_128kbps,56,43,263.183401,269.209229,0.0207,0.2223,https://everyayah.com/data/Alafasy_128kbps/056043.mp3,f94b4c0bec83b1603df9e9a1d80168a09e000da647c832e85e95a98ea31dbcfa
Alafasy_128kbps,56,44,269.209229,275.57542,0.0336,0.2245,https://everyayah.com/data/Alafasy_128kbps/056044.mp3,1fe888c2f5816b4bcfbeeb0f7d362b92f085d3d4b4f40a087e4f31d3c35d076e
Alafasy_128kbps,56,45,275.57542,283.689796,0.0283,0.1482,https://everyayah.com/data/Alafasy_128kbps/056045.mp3,26ec89b9d0d99ba5dd6c4008f2019669c66381fe228d8fcbde05aa328ce96c60
Alafasy_128kbps,56,46,283.689796,291.765488,0.0238,0.212,https://everyayah.com/data/Alafasy_128kbps/056046.mp3,56bc7636d63f0a03d6cd268e320b513fdd26a03d01742f1122217d5a5aeb33b9
Alafasy_128kbps,56,47,291.765488,306.93449,0.0217,0.1976,https://everyayah.com/data/Alafasy_128kbps/056047.mp3,3884d7b8aea64f15b41d4befaa5d5c3eb9bda117cc12dd23f769eb88c4047057
Alafasy_128kbps,56,48,306.93449,313.764807,0.0317,0.1455,https://everyayah.com/data/Alafasy_128kbps/056048.mp3,98bfcfc4fcf33df189de24b089dcc4af908b5f27658b177a132ec48925c4dbb2
Alafasy_128kbps,56,49,313.764807,321.22941,0,0.08,https://everyayah.com/data/Alafasy_128kbps/056049.mp3,8e0dfa51925c80c1332a6905054b34653a72804595ee228b4d2762f3ad3238a9
Alafasy_128kbps,56,50,321.22941,330.434467,0,0.2161,https://everyayah.com/data/Alafasy_128kbps/056050.mp3,ba5bd0ebc5290d50cfed46a97115d70edf15ebf0d1cd541d4bd932f5f9ce203a
Alafasy_128kbps,56,51,330.434467,343.074014,0.037,0.0872,https://everyayah.com/data/Alafasy_128kbps/056051.mp3,4f6c0be041389a28a2c3f5861b33be7d769dda71574e550093d40e5736837df2
Alafasy_128kbps,56,52,343.074014,352.843741,0,0.163,https://everyayah.com/data/Alafasy_128kbps/056052.mp3,2f0273d7cdf2a3fcd4d6990063f0f8c397df94ad8df4eb66e7511dc2da26c90a
Alafasy_128kbps,56,53,352.843741,358.544694,0,0.1136,https://everyayah.com/data/Alafasy_128kbps/056053.mp3,e91936524fe9eabb5953cf7361c0b072abb0ce6d9b86cbb103b36f3e938de956
Alafasy_128kbps,56,54,358.544694,365.23576,0,0.1677,https://everyayah.com/data/Alafasy_128kbps/056054.mp3,c63abadd7ec9ee00adafd874e2a5d4529b337850a3a49a14ddb0be014e612c67
Alafasy_128kbps,56,55,365.23576,370.959909,0,0.1875,https://everyayah.com/data/Alafasy_128kbps/056055.mp3,b6b93f73b62ece8ee04aa287853a505588702765f7e84437dbe4b13762514b3d
Alafasy_128kbps,56,56,370.959909,377.055351,0.027,0.123,https://everyayah.com/data/Alafasy_128kbps/056056.mp3,77d3a6847f930aed49730440342a5083497e9121a74608061f356a68454ccc66
Alafasy_128kbps,56,57,377.055351,384.427143,0.0272,0.1662,https://everyayah.com/data/Alafasy_128kbps/056057.mp3,bb5dfd2b79638ee043b1db6afcbd08100d636ae49fcccb841b19b74399410b9f
Alafasy_128kbps,56,58,384.427143,390.92483,0.0346,0.1866,https://everyayah.com/data/Alafasy_128kbps/056058.mp3,bd452a04ebe16701c2628e56609c6001e4ecfc211a4ad9b66e53094d63721c64
Alafasy_128kbps,56,59,390.92483,400.771927,0,0.0797,https://everyayah.com/data/Alafasy_128kbps/056059.mp3,8ffdfd4a612932710a8b6e1be0af61e85b068891f6cd16b0dd43bb52fda5cad1
Alafasy_128kbps,56,60,400.771927,410.224512,0,0.1352,https://everyayah.com/data/Alafasy_128kbps/056060.mp3,d84e026e15ede88ab5d53cefa2e4eac41769b4605ab99c06aa5ce687ce323b04
Alafasy_128kbps,56,61,410.224512,423.475147,0.0417,0.1214,https://everyayah.com/data/Alafasy_128kbps/056061.mp3,25cf2982c40bb3a5732bee0630230e6a3896e5cfe6a3133c35828aea5547dc25
Alafasy_128kbps,56,62,423.475147,433.074717,0,0.1251,https://everyayah.com/data/Alafasy_128kbps/056062.mp3,afe69ab8aa8f22e07a23599a21acfcefba11e0ebfbb32a2b5e79d2716128e6c2
Alafasy_128kbps,56,63,433.074717,439.951429,0.0233,0.0612,https://everyayah.com/data/Alafasy_128kbps/056063.mp3,abfcf9fe2c357af066791c882e813183912d8d211ad85146c39fffd6e3f67376
Alafasy_128kbps,56,64,439.951429,449.605125,0,0.1472,https://everyayah.com/data/Alafasy_128kbps/056064.mp3,96bb316fb95f4cacd9c948204ffc5088f2dc453003c3b089ed9d2b15616dcaa4
Alafasy_128kbps,56,65,449.605125,461.447937,0.0264,0.1327,https://everyayah.com/data/Alafasy_128kbps/056065.mp3,ef763c520adbf3c6097f177f47ac1fb70ee4880f119e8ea393ab6eecb88f7497
Alafasy_128kbps,56,66,461.447937,466.970975,0.0238,0.1,https://everyayah.com/data/Alafasy_128kbps/056066.mp3,e12556ab04d924928a7c22cb15e2ee7f74de739c1c49d59f2a52568e0eb67766
Alafasy_128kbps,56,67,466.970975,472.246485,0,0.094,https://everyayah.com/data/Alafasy_128kbps/056067.mp3,66fdb282eead8ea9c084644bf42ae771b176cdfd778bd2dc4e5548f9be072b70
Alafasy_128kbps,56,68,472.246485,481.296825,0.0251,0.242,https://everyayah.com/data/Alafasy_128kbps/056068.mp3,81fccbf0f95925a5b151c6387315f61549829f7d78c13dd54150c14ad94f7ea4
Alafasy_128kbps,56,69,481.296825,493.294331,0.0339,0.1231,https://everyayah.com/data/Alafasy_128kbps/056069.mp3,09647b21fc8bce28796aa7e866553776d0e7e9c1e62831fe9bc52291001bf678
Alafasy_128kbps,56,70,493.294331,504.085125,0,0.0941,https://everyayah.com/data/Alafasy_128kbps/056070.mp3,6b4f507680b12e1a2a7fe58848089c5b875824178bf70baff6357f54d68c711a
Alafasy_128kbps,56,71,504.085125,512.354195,0,0.1092,https://everyayah.com/data/Alafasy_128kbps/056071.mp3,7e961f029d300ba31998c74f60e0e56fc269acaf97c1a0d737465482f5e714ba
Alafasy_128kbps,56,72,512.354195,525.713129,0.0361,0.1745,https://everyayah.com/data/Alafasy_128kbps/056072.mp3,9f175d4dbb77352dcae29f22fa7fa7b23203cc4ce1dea33c78618f62f281e934
Alafasy_128kbps,56,73,525.713129,535.498345,0.023,0.0986,https://everyayah.com/data/Alafasy_128kbps/056073.mp3,19b6c3e7fddf505e189d3df2ac67c3d3e66a202c5b95a18a8ac4d2e45250da9a
Alafasy_128kbps,56,74,535.498345,541.338526,0,0.0539,https://everyayah.com/data/Alafasy_128kbps/056074.mp3,85b172cb0eb7a110e13dbbc945b0534693b6bf48f259d045ee80edc924e4618d
Alafasy_128kbps,56,75,541.338526,549.770045,0,0.1117,https://everyayah.com/data/Alafasy_128kbps/056075.mp3,a7e01c5a67d3aa772c8512124d02df3c786b92a72f5e7e81a3e8dc12bb8da4f0
Alafasy_128kbps,56,76,549.770045,558.387211,0,0.1073,https://everyayah.com/data/Alafasy_128kbps/056076.mp3,18cb963ccb3be4793d884495bed6145f6dad5d004b0b4952628579648ed0621b
Alafasy_128kbps,56,77,558.387211,566.029728,0.0274,0.0975,https://everyayah.com/data/Alafasy_128kbps/056077.mp3,3f1cd10bb373bccf7aa7fec538b43aaa515240f7de43b26e1ea8c1110d504a0e
Alafasy_128kbps,56,78,566.029728,571.668798,0,0.0751,https://everyayah.com/data/Alafasy_128kbps/056078.mp3,24edf8083cbf3de0f8ce77752fc211132e7b1787f84e5c9008e537989885b903
Alafasy_128kbps,56,79,571.668798,579.651678,0,0.0548,https://everyayah.com/data/Alafasy_128kbps/056079.mp3,06647256edcee701fcb5de97e1a896959d767812fcd753c10c19b2e2b0f6c97a
Alafasy_128kbps,56,80,579.651678,587.704172,0,0.1873,https://everyayah.com/data/Alafasy_128kbps/056080.mp3,e63e00d583a79d568ccbe6195cbc2c6bf8eb7fba8ccce8f30bf9cfb112baec73
Alafasy_128kbps,56,81,587.704172,595.717982,0,0.0848,https://everyayah.com/data/Alafasy_128kbps/056081.mp3,c59f37daf84224ad63fb86416fd71eac19ebc402f2552895a7f33ce5939411f8
Alafasy_128kbps,56,82,595.717982,603.987052,0.0242,0.0954,https://everyayah.com/data/Alafasy_128kbps/056082.mp3,7b9b5009b74575136c4377618ad364d40cf606f9d299ebb8a7ebcb7084ebbd04
Alafasy_128kbps,56,83,603.987052,611.513537,0,0.0786,https://everyayah.com/data/Alafasy_128kbps/056083.mp3,6e8c8e7dd89b214b5823587d943f7400e94fa90b4bd276cd1b30fe2ca6b83386
Alafasy_128kbps,56,84,611.513537,620.842358,0.0236,0.1478,https://everyayah.com/data/Alafasy_128kbps/056084.mp3,9bc1a2df1812000e773358e0a1d60dbb1ea17cc2b99b3a751c354682e594b204
Alafasy_128kbps,56,85,620.842358,630.310408,0.0426,0.0922,https://everyayah.com/data/Alafasy_128kbps/056085.mp3,629a8dfcd7cec20457c8993c9524a096f7df0440fa0d4c5fa92feb3ba046ab6e
Alafasy_128kbps,56,86,630.310408,640.103356,0,0.1436,https://everyayah.com/data/Alafasy_128kbps/056086.mp3,f21ccc049222693b7b7117be1153814e60c4473121b4ff5a75598b34999be799
Alafasy_128kbps,56,87,640.103356,649.973651,0,0.1239,https://everyayah.com/data/Alafasy_128kbps/056087.mp3,aa67ee0aec298bb1fb3ed0256e544e908e6d6f48dc7d36abf2c346b96bd6c1a9
Alafasy_128kbps,56,88,649.973651,659.727914,0,0.1286,https://everyayah.com/data/Alafasy_128kbps/056088.mp3,2321450152b4a0cfe66aa435b45933478269c2c3473f76ccb8253ec2f8dc9306
Alafasy_128kbps,56,89,659.727914,668.778254,0.022,0.1247,https://everyayah.com/data/Alafasy_128kbps/056089.mp3,215d6c564e4e8936a8fc45b8ae27601bfb69d60b55fefbd4c9cd0d27e7969228
Alafasy_128kbps,56,90,668.778254,678.973424,0.0602,0.1073,https://everyayah.com/data/Alafasy_128kbps/056090.mp3,678eb53c19af6727027cc56d2736f688b6b74f8db0d2e81134e368401b34f1d9
Alafasy_128kbps,56,91,678.973424,685.795986,0,0.101,https://everyayah.com/data/Alafasy_128kbps/056091.mp3,e1e4ed7e0225e8f807b5e24b49f2ca1b68c2553e72a1e4eed963d958aa71ec06
Alafasy_128kbps,56,92,685.795986,699.742812,0.0307,0.0807,https://everyayah.com/data/Alafasy_128kbps/056092.mp3,614d83a75a434c445d6c84c5464c1bb1725fa9199a226fbaa31d7bf2beba8d4b
Alafasy_128kbps,56,93,699.742812,705.29678,0,0.0327,https://everyayah.com/data/Alafasy_128kbps/056093.mp3,d7e7467804edfe44da0c7248ad91369c2bb18e72e8c6b095af0cf748f7216301
Alafasy_128kbps,56,94,705.29678,709.907052,0,0.0308,https://everyayah.com/data/Alafasy_128kbps/056094.mp3,c242333feaab81fae9ec3868c06b639d30e412641dd2196eb69b62aa8e059b09
Alafasy_128kbps,56,95,709.907052,716.915261,0,0.0827,https://everyayah.com/data/Alafasy_128kbps/056095.mp3,3501121ef6420cf8a9790802d5e5d1c037a89f228c457fdd75a5a987ca8fc8bc
Alafasy_128kbps,56,96,716.915261,725.252358,0,2.0994,https://everyayah.com/data/Alafasy_128kbps/056096.mp3,0bbce911b69cb9dbfdb6445900a4ff5e6be1f85e8bd6608b8d2b58f632788201
Alafasy_128kbps,67,1,0,10.734376,0.0912,0.6695,https://everyayah.com/data/Alafasy_128kbps/067001.mp3,ec72e1cdd54ea73f02f88dd9da0b58ecb07b69c3bbdf53eb2b236d5e42ca3a19
Alafasy_128kbps,67,2,10.734376,24.581451,0.1107,0.588,https://everyayah.com/data/Alafasy_128kbps/067002.mp3,3565f1890a740195d0d4f87b0129eeac9de34680ad5045cf2e90d690a08cc05d
Alafasy_128kbps,67,3,24.581451,43.577528,0.068,0.1733,https://everyayah.com/data/Alafasy_128kbps/067003.mp3,95c9e55cdea6f56f0dd23e1d0b797f22ca84194b97ac4fc7e440b20a7fdcc3f7
Alafasy_128kbps,67,4,43.577528,56.43551,0.034,0.4428,https://everyayah.com/data/Alafasy_128kbps/067004.mp3,1d672cd9c2685df2626e70f9221ba2bcf58dcb112b597c215dea01a42b519d8b
Alafasy_128kbps,67,5,56.43551,76.217029,0.0663,0.3002,https://everyayah.com/data/Alafasy_128kbps/067005.mp3,4d5ab7ba2ded29f141761633c2ac55e3945f87da26c55bdb44735e33de13904f
Alafasy_128kbps,67,6,76.217029,86.602336,0.1105,0.5426,https://everyayah.com/data/Alafasy_128kbps/067006.mp3,f64617ac7e5188f90ad808761f073267882e50a9646d6aeb996f5570335db101
Alafasy_128kbps,67,7,86.602336,97.453084,0.0726,0.2285,https://everyayah.com/data/Alafasy_128kbps/067007.mp3,ebe0b89cc8edde46c062d14ff4404f3b052b180ebb23b3c5963280358ccc2068
Alafasy_128kbps,67,8,97.453084,116.361882,0.0656,0.4923,https://everyayah.com/data/Alafasy_128kbps/067008.mp3,0d5579d201229f13e42e00f2358c69c2334b24e126c00f928646b003666e2b27
Alafasy_128kbps,67,9,116.361882,136.783401,0.0499,0.3011,https://everyayah.com/data/Alafasy_128kbps/067009.mp3,4f77d9d3f3ca1ad493516abf6bb725bc0c009b322d959cb220db4413e090d242
Alafasy_128kbps,67,10,136.783401,149.58322,0.1233,0.0999,https://everyayah.com/data/Alafasy_128kbps/067010.mp3,f62888da3eb6891774336296a38c63a499644c58c9114caa74466500b110feee
Alafasy_128kbps,67,11,149.58322,158.455805,0.0385,0.0975,https://everyayah.com/data/Alafasy_128kbps/067011.mp3,9eca4208c49c1452d40ab29321d9644ce67f6c8cabe68e881781b0415c733ad2
Alafasy_128kbps,67,12,158.455805,172.477415,0.0568,0.0739,https://everyayah.com/data/Alafasy_128kbps/067012.mp3,5597c9f3491e6983e1765a346bf4f1a4d497401a01e38b74221669ef5c656ea3
Alafasy_128kbps,67,13,172.477415,185.917211,0.0483,0.1352,https://everyayah.com/data/Alafasy_128kbps/067013.mp3,9460891b32a9661b07315099f37f7b4d9e708eb3da66f90ce832925adc787f5c
Alafasy_128kbps,67,14,185.917211,193.131655,0.1025,0.0371,https://everyayah.com/data/Alafasy_128kbps/067014.mp3,ac6a2bf11ac7a514ad3d31cbbf14a76cc5dd770100d0707a0e2765593eb0292f
Alafasy_128kbps,67,15,193.131655,208.433243,0.0345,0.3863,https://everyayah.com/data/Alafasy_128kbps/067015.mp3,02c2a2153452236898e3f8db6f6d2a0ff5b858fe7814c7adfdcc24f2d6ecd679
Alafasy_128kbps,67,16,208.433243,222.163946,0.0609,0.1044,https://everyayah.com/data/Alafasy_128kbps/067016.mp3,1cd56dd8f88c03142dcc1f9d2c67909217d69a926883d8def9b0b647e391b061
Alafasy_128kbps,67,17,222.163946,238.425533,0.0735,0.1053,https://everyayah.com/data/Alafasy_128kbps/067017.mp3,499f86317ff59099d26ead2af27828a1908eec83d595e49ed0ce78f2c697c6c2
Alafasy_128kbps,67,18,238.425533,247.850839,0.077,0.119,https://everyayah.com/data/Alafasy_128kbps/067018.mp3,b6b6741df3daf4c5eac3245366bbabbb05489bf61c5007d599c4a5a287725c7c
Alafasy_128kbps,67,19,247.850839,272.868639,0.0812,0.3933,https://everyayah.com/data/Alafasy_128kbps/067019.mp3,e7f490693337988240e336c407a0949b30d93112ca6d3867b0c0ffe9fd3dce00
Alafasy_128kbps,67,20,272.868639,292.650159,0.1167,0.1006,https://everyayah.com/data/Alafasy_128kbps/067020.mp3,299548c81c39f5c312446a2192b41ba35963cb0c29cafd30a76fb7f53b15fed3
Alafasy_128kbps,67,21,292.650159,306.555397,0.0821,0.0812,https://everyayah.com/data/Alafasy_128kbps/067021.mp3,e28058f0eabe6a795ef71b27bd8d4f6199c5254333e0cbe4d3387b9acb932cba
Alafasy_128kbps,67,22,306.555397,325.144218,0.1105,0.3418,https://everyayah.com/data/Alafasy_128kbps/067022.mp3,82adcf06b1fa2c26affcfd2314601054ad73fe97248382e5c3bf94d30e1cc5ab
Alafasy_128kbps,67,23,325.144218,340.125805,0.0565,0.3162,https://everyayah.com/data/Alafasy_128kbps/067023.mp3,84e4aeba7acd04d9f997a68fcb791a81c5aca6cf4d04936f42d4d000a025e80d
Alafasy_128kbps,67,24,340.125805,347.747506,0.0569,0.0297,https://everyayah.com/data/Alafasy_128kbps/067024.mp3,37c6774cff918fe7634dac5c0cebd437f8d193367c97a06b18feba4ed058b451
Alafasy_128kbps,67,25,347.747506,357.434626,0.0517,0.3707,https://everyayah.com/data/Alafasy_128kbps/067025.mp3,744c2f965ec2dca6dcfa0237076773164ec883f9f570f9a418c2a4a54579c4eb
Alafasy_128kbps,67,26,357.434626,370.874422,0.0661,0.0725,https://everyayah.com/data/Alafasy_128kbps/067026.mp3,2db85cd587d6faacf70014772617772e9b215599cd1d86cffb039e63308299f7
Alafasy_128kbps,67,27,370.874422,388.299615,0.0458,0.0866,https://everyayah.com/data/Alafasy_128kbps/067027.mp3,7dd7cb5aaeb5807c9b523a655588cedf97df274ef416bc6e0525d7f7b027b813
Alafasy_128kbps,67,28,388.299615,408.604762,0.0354,0.3205,https://everyayah.com/data/Alafasy_128kbps/067028.mp3,ee0c06d0dd5c6c4432a7ce344cb8ad053b6fbc08800627ba9e0c8181d468c7c9
Alafasy_128kbps,67,29,408.604762,424.17551,0.0956,0.5856,https://everyayah.com/data/Alafasy_128kbps/067029.mp3,5827cc9977fdb46997914bbff5ab5fef81c0ea60e34b5f5de3e17af668ecf924
Alafasy_128kbps,67,30,424.17551,442.580159,0.0651,2.0568,https://everyayah.com/data/Alafasy_128kbps/067030.mp3,119434f0c38ae65e3cca5acc3b36c06c721c7b05eb8f96f63b90b970cc4768ee
Alafasy_128kbps,78,1,0,6.371474,0,0,https://everyayah.com/data/Alafasy_128kbps/078001.mp3,755187790eff69bc6081a0bc7adf53b3aa03a25003c3813be107c5a6744f842e
Alafasy_128kbps,78,2,6.371474,11.436871,0.0286,0.0248,https://everyayah.com/data/Alafasy_128kbps/078002.mp3,aba2a718073c6cdff326ca3c3bba12152907e0406f794b9fcde4b32beaf2c373
Alafasy_128kbps,78,3,11.436871,17.370408,0,0.0348,https://everyayah.com/data/Alafasy_128kbps/078003.mp3,d72738c4bec27e416bb189676ef2460d37c161d10b316bd873f08afa078dfde2
Alafasy_128kbps,78,4,17.370408,21.381655,0,0.0347,https://everyayah.com/data/Alafasy_128kbps/078004.mp3,ea7a815a480c3d67e43cddad196b40b04890cff13339c2db936d584e46b14445
Alafasy_128kbps,78,5,21.381655,27.528345,0,0.1223,https://everyayah.com/data/Alafasy_128kbps/078005.mp3,c4faf963e7f9f5480eb9a2ed98dcd0d6d92cae3a54d6b24f1242fc617a3c3c68
Alafasy_128kbps,78,6,27.528345,31.633878,0.0209,0.0203,https://everyayah.com/data/Alafasy_128kbps/078006.mp3,4cf5e91fbfc05915228e01358d6a32b6a1bea1620f40534a7f17147e5ecba917
Alafasy_128kbps,78,7,31.633878,35.44746,0,0.0377,https://everyayah.com/data/Alafasy_128kbps/078007.mp3,9523904ddf77697dda3d046e7426e89d6db40121ccbf87de4382957034d9c322
Alafasy_128kbps,78,8,35.44746,39.505215,0,0,https://everyayah.com/data/Alafasy_128kbps/078008.mp3,dc62aa932b111dafe83b16743e686cf4e62b6f1b09170090e3949d963227dba7
Alafasy_128kbps,78,9,39.505215,44.047415,0,0,https://everyayah.com/data/Alafasy_128kbps/078009.mp3,cf437569844292af3021249e0d152bfa8a455d9e40ebb17984622c39a903d8dd
Alafasy_128kbps,78,10,44.047415,47.954014,0,0.0201,https://everyayah.com/data/Alafasy_128kbps/078010.mp3,ba5b0a3bb2ea2ce8e2f770dbfe0b30d1af247aaf81d22c4c5c23c9a6a3df9e2a
Alafasy_128kbps,78,11,47.954014,52.93415,0,0,https://everyayah.com/data/Alafasy_128kbps/078011.mp3,f8a074731659382e86cb5ffee3e17f1e9a63c29ee3765824bef319181935145c
Alafasy_128kbps,78,12,52.93415,59.22424,0,0,https://everyayah.com/data/Alafasy_128kbps/078012.mp3,1b2df34fbd355beafb760a9bc070289437629b52cd1f66853b6be890244085c4
Alafasy_128kbps,78,13,59.22424,64.57644,0,0,https://everyayah.com/data/Alafasy_128kbps/078013.mp3,f0cdb5eef60277140da760a400eeffe10629c3aedae2f29ba2cb891a734e131a
Alafasy_128kbps,78,14,64.57644,73.850726,0,0.027,https://everyayah.com/data/Alafasy_128kbps/078014.mp3,459c5934a68957e76cc527be5aac7e43e8bbe9f4e295161975204e0327b8bf71
Alafasy_128kbps,78,15,73.850726,79.086644,0,0,https://everyayah.com/data/Alafasy_128kbps/078015.mp3,2a3e9cedd43df56e0720e43673ab3afd4072356022b9f90eea9ef9e1e8777745
Alafasy_128kbps,78,16,79.086644,83.202517,0,0,https://everyayah.com/data/Alafasy_128kbps/078016.mp3,490b53488f84899e2590e9797f85d3a9ca7cfc6dce16e4a16bcc3c5a5f2ac8d4
Alafasy_128kbps,78,17,83.202517,88.829887,0,0,https://everyayah.com/data/Alafasy_128kbps/078017.mp3,765067293ae5b3d59142253eba914ac4168febc5165450c9a0429a8c33476f7c
Alafasy_128kbps,78,18,88.829887,95.712948,0,0.0256,https://everyayah.com/data/Alafasy_128kbps/078018.mp3,81d43be48dcdc1ab99dc61ad4ff377f204837780d10b95627d65cc75cd58af20
Alafasy_128kbps,78,19,95.712948,102.813039,0,0.0403,https://everyayah.com/data/Alafasy_128kbps/078019.mp3,beb8834a3405f8d6e4bcfd68f25c9eda209e72ff675cb51985ba6faa5af51481
Alafasy_128kbps,78,20,102.813039,108.568299,0,0,https://everyayah.com/data/Alafasy_128kbps/078020.mp3,3be66fff12bb6ae012a0a077120584b0623be91d2626682b2bbdf24e917b3012
Alafasy_128kbps,78,21,108.568299,114.501837,0,0,https://everyayah.com/data/Alafasy_128kbps/078021.mp3,c3fed96be666455b97a377cd12c6fd9c2ac9c94e1432ba319f73b283e3098d93
Alafasy_128kbps,78,22,114.501837,117.881361,0,0,https://everyayah.com/data/Alafasy_128kbps/078022.mp3,0c5a317a222957dd4212aab5a5677a55efdcd684b6aa1fd1ee24987f67588a21
Alafasy_128kbps,78,23,117.881361,123.555238,0,0,https://everyayah.com/data/Alafasy_128kbps/078023.mp3,4a88374b48ce07f4327366d1bf17d91492adc7d878007bd8377589113bacc9cc
Alafasy_128kbps,78,24,123.555238,130.814218,0.0218,0.0296,https://everyayah.com/data/Alafasy_128kbps/078024.mp3,b0357c10b9d1226bde9b964e2571c672c9cd22687b28901dfb8fd0b4f5cd8a15
Alafasy_128kbps,78,25,130.814218,136.007506,0,0,https://everyayah.com/data/Alafasy_128kbps/078025.mp3,c6cc12896d84e410972f35bfebaf81485bdae18ad1001e9c1615756463831343
Alafasy_128kbps,78,26,136.007506,141.022517,0,0.0203,https://everyayah.com/data/Alafasy_128kbps/078026.mp3,5939fa954d2b4eb3a9b9527689dfbc893ba24aace6ec1864fc1c9630bcc60362
Alafasy_128kbps,78,27,141.022517,146.99093,0,0,https://everyayah.com/data/Alafasy_128kbps/078027.mp3,cb6e1d98bfe94fb5f1a38985d219a490c541c641286cbab8e8d62d95e813b502
Alafasy_128kbps,78,28,146.99093,152.525283,0,0,https://everyayah.com/data/Alafasy_128kbps/078028.mp3,09cfbbf83dbd03fc16b8dd1a1f62aa939f4882207143c6e52e39c4c32f1c8e88
Alafasy_128kbps,78,29,152.525283,158.38517,0,0,https://everyayah.com/data/Alafasy_128kbps/078029.mp3,47f614b1ca6f06c502876b5a2665af71c7ccf1865a815cf09159268a4d2302e7
Alafasy_128kbps,78,30,158.38517,166.17898,0,0.0492,https://everyayah.com/data/Alafasy_128kbps/078030.mp3,5e7d85888baa2be40aabc35a767bb610250fa2d3655cf8806e15322c2219227e
Alafasy_128kbps,78,31,166.17898,170.597166,0,0,https://everyayah.com/data/Alafasy_128kbps/078031.mp3,fd36c61eedd9e742067a4bb7065fa59fff694a07b015355c92117d48256aaf98
Alafasy_128kbps,78,32,170.597166,174.935828,0,0,https://everyayah.com/data/Alafasy_128kbps/078032.mp3,229a22006a5bcaa97e957049e3759f6ee84472b604cd97fe43fe1b6b76421ef2
Alafasy_128kbps,78,33,174.935828,178.083107,0,0,https://everyayah.com/data/Alafasy_128kbps/078033.mp3,1525d05f07eb23a730968b99be55e1771c7d10c2bfbc88d5fcc14cdf8e990869
Alafasy_128kbps,78,34,178.083107,181.746485,0,0,https://everyayah.com/data/Alafasy_128kbps/078034.mp3,336f6aa85d7b4c501fbbacb95b5f4f3a97782422831014572c691f8209209f74
Alafasy_128kbps,78,35,181.746485,188.96517,0,0.0598,https://everyayah.com/data/Alafasy_128kbps/078035.mp3,34572c2ef15f96be269f0445766d5e3c3b59468b4c3fa4ff0d5771399aed0875
Alafasy_128kbps,78,36,188.96517,197.395011,0.0249,0.0531,https://everyayah.com/data/Alafasy_128kbps/078036.mp3,6380b21f3718d0387c2000d0edfc20d1cbc7848db179515cfb07ecdece7a5a06
Alafasy_128kbps,78,37,197.395011,210.818639,0,0.052,https://everyayah.com/data/Alafasy_128kbps/078037.mp3,2a5335fbd7db0e962b355137d78f1de9f704204b4cf3ecaac0c604ec729e1c52
Alafasy_128kbps,78,38,210.818639,230.462154,0,0.0755,https://everyayah.com/data/Alafasy_128kbps/078038.mp3,c1c48e9b84574b77385e14732c686730ff7073a63ac2780e119ab915126790e8
Alafasy_128kbps,78,39,230.462154,241.728027,0.0327,0.0686,https://everyayah.com/data/Alafasy_128kbps/078039.mp3,660d1ac9e5103bac067736267e1648556b2bdbf50a30d9882b9510b74f35da2d
Alafasy_128kbps,78,40,241.728027,275.360884,0,1.0064,https://everyayah.com/data/Alafasy_128kbps/078040.mp3,39f25059a5c62948005162b0202fe714722d8cc4eba50ab182a03487b51f4e66
Alafasy_128kbps,93,1,0,1.801156,0.0568,0.0504,https://everyayah.com/data/Alafasy_128kbps/093001.mp3,85c494f44c2288afe074bb2e0cee7cd895469287efc67cc9c38bdfb1924c8b7f
Alafasy_128kbps,93,2,1.801156,4.770658,0,0.0894,https://everyayah.com/data/Alafasy_128kbps/093002.mp3,ac0710473dae7f7ad5f479c7f7368053cba8aece2db2c40f786fb693a3735387
Alafasy_128kbps,93,3,4.770658,9.127528,0.0201,0.0857,https://everyayah.com/data/Alafasy_128kbps/093003.mp3,efc105e9751376911b903bbae10ba1925e60a53b387cf3727bfe5ee39ba7d208
Alafasy_128kbps,93,4,9.127528,14.238957,0.0256,0.0726,https://everyayah.com/data/Alafasy_128kbps/093004.mp3,e34b8e0855b35e68091cca9d7701fd55c7e02e202ca2f5f700b87105f55f861a
Alafasy_128kbps,93,5,14.238957,19.204331,0,0.1208,https://everyayah.com/data/Alafasy_128kbps/093005.mp3,d8dda7d3c477e0feb197a9b288ae6fff6c93b536b20eb180dcba740dc8355042
Alafasy_128kbps,93,6,19.204331,24.376599,0.021,0.072,https://everyayah.com/data/Alafasy_128kbps/093006.mp3,60dbcb5a2c808aaa50bd9ea055d85403d9b04b8b47249784c9ed53ee63740c9d
Alafasy_128kbps,93,7,24.376599,31.423061,0.0226,0.0447,https://everyayah.com/data/Alafasy_128kbps/093007.mp3,a6e467e93316626311f0a568ced9a76f7e187166b622f83059d010089815cfa8
Alafasy_128kbps,93,8,31.423061,37.471587,0,0.1448,https://everyayah.com/data/Alafasy_128kbps/093008.mp3,30a688de89a3ac0b2bb2518457887c6875558cf660b305b4634e95c4c9348265
Alafasy_128kbps,93,9,37.471587,42.327438,0,0.1116,https://everyayah.com/data/Alafasy_128kbps/093009.mp3,432ad0d0c6cd86beabb1a3fc352ddf67ac3cb0f0f7a7624dfd4a12c79ac12c00
Alafasy_128kbps,93,10,42.327438,48.523084,0,0.1153,https://everyayah.com/data/Alafasy_128kbps/093010.mp3,44f09207dfff1f1e7c165772ddc7a7de5ea69a56adf9748c07b75ac3eb24c631
Alafasy_128kbps,93,11,48.523084,54.349116,0,0.4871,https://everyayah.com/data/Alafasy_128kbps/093011.mp3,89ca11c7a86fdf5c31912e5aca9625e7dbb2fd5a266e2edb25db24a464ce567c
Alafasy_128kbps,103,1,0,1.730227,0.0551,0.2568,https://everyayah.com/data/Alafasy_128kbps/103001.mp3,d493ae54ffc12ee347642d86972079ea6992d2b9a2e3de58505af210202cf6ac
Alafasy_128kbps,103,2,1.730227,7.469501,0.0454,0.3918,https://everyayah.com/data/Alafasy_128kbps/103002.mp3,a0e02b3390e81caaf41e3db0e63d95843305fd0b28938e81d19c938e01e5b7da
Alafasy_128kbps,103,3,7.469501,19.963628,0.0991,1.9366,https://everyayah.com/data/Alafasy_128kbps/103003.mp3,1da9dcfe76e656f3857b5cc4764de2e13ae6746a9e55641f7ddf1c35164fc767
Alafasy_128kbps,112,1,0,2.916984,0.063,0.209,https://everyayah.com/data/Alafasy_128kbps/112001.mp3,8166d4ae6fbdae1748e215d5b31dbbf246530da0e849f1488ac35316488f1caf
Alafasy_128kbps,112,2,2.916984,5.402766,0,0.1312,https://everyayah.com/data/Alafasy_128kbps/112002.mp3,52fd57829c924926152df2175343d115aecbf3b83632f853cb94356697421eee
Alafasy_128kbps,112,3,5.402766,8.319751,0.0436,0.1383,https://everyayah.com/data/Alafasy_128kbps/112003.mp3,b50ce19c51314817e9a4885de55ad332a19585e0e221dbec86b98405a08400c4
Alafasy_128kbps,112,4,8.319751,13.124286,0.0432,0.787,https://everyayah.com/data/Alafasy_128kbps/112004.mp3,67a565d4951ff5956a8299eb84cf57b5e0d44374dba8e24c9f0175cb4309b68e
Saood_ash-Shuraym_128kbps,1,1,0,2.721655,0.1822,0,https://everyayah.com/data/Saood_ash-Shuraym_128kbps/001001.mp3,c543f54a791b454c7ebc3ee70e944ab1302969af071c60d5277b3c2e0b95cb18
Saood_ash-Shuraym_128kbps,1,2,2.721655,6.248186,0.0322,0,https://everyayah.com/data/Saood_ash-Shuraym_128kbps/001002.mp3,20ee3d52b92668482bb3e09dd688fcb9842c651e1617b823384f198d1fb79c12
Saood_ash-Shuraym_128kbps,1,3,6.248186,9.409002,0.0354,0,https://everyayah.com/data/Saood_ash-Shuraym_128kbps/001003.mp3,309ff8f73cd06e99693f74584185ee53fb08e502d5fb3da5c61af1f89520ff74
Saood_ash-Shuraym_128kbps,1,4,9.409002,12.204104,0.0497,0,https://everyayah.com/data/Saood_ash-Shuraym_128kbps/001004.mp3,38b40833eda387baf5c972978ee7c1d03676017d54534d214a1271ee14282f46
Saood_ash-Shuraym_128kbps,1,5,12.204104,16.984512,0.0522,0,https://everyayah.com/data/Saood_ash-Shuraym_128kbps/001005.mp3,ab7b67eea33b08b4aacf1aeba97ac3d7a336ec5a435a535b52dddb10dd7be705
Saood_ash-Shuraym_128kbps,1,6,16.984512,20.58941,0.0536,0,https://everyayah.com/data/Saood_ash-Shuraym_128kbps/001006.mp3,19945a41ac1c33b4d6042811226016e2750106ff9089c269df97fa8ac978d164
Saood_ash-Shuraym_128kbps,1,7,20.58941,34.591043,0.0385,0,https://everyayah.com/data/Saood_ash-Shuraym_128kbps/001007.mp3,0a59fdcc957e06d8cb78561a9638b427a1bf09d5b5bd4cd707a9a9a74222e5a4
Saood_ash-Shuraym_128kbps,12,1,0,8.777143,0.0323,0,https://everyayah.com/data/Saood_ash-Shuraym_128kbps/012001.mp3,a7447559d2b16d960c924f70e19b555b18289976da4bdf2189e6b407b0ff9439
Saood_ash-Shuraym_128kbps,12,2,8.777143,16.300408,0.0534,0,https://everyayah.com/data/Saood_ash-Shuraym_128kbps/012002.mp3,04414d8342fb1c8f4c6bbf53f138efe489ae0137ca4109512c2fa40b43f41121
Saood_ash-Shuraym_128kbps,12,3,16.300408,31.738776,0.0546,0,https://everyayah.com/data/Saood_ash-Shuraym_128kbps/012003.mp3,305d2caa0e99ced1099bf83c33a30598ba675c86683dfc07888edc12ac3c0ef7
Saood_ash-Shuraym_128kbps,12,4,31.738776,43.284898,0.0553,0,https://everyayah.com/data/Saood_ash-Shuraym_128kbps/012004.mp3,75b4248c79f9601d8c33453382686a21f0c5c34d364747492ea596cccc670cf8
Saood_ash-Shuraym_128kbps,12,5,43.284898,56.711837,0.0507,0,https://everyayah.com/data/Saood_ash-Shuraym_128kbps/012005.mp3,8a303e13589c7e8e6c46a782c703273b4655e96426fb341a6ec5e3a819e98b56
Saood_ash-Shuraym_128kbps,12,6,56.711837,84.715102,0.0497,0,https://everyayah.com/data/Saood_ash-Shuraym_128kbps/012006.mp3,c3699fe8c6c02e1d5426dfb47c20654048d596478488f641b9cede980dd911e3
Saood_ash-Shuraym_128kbps,12,7,84.715102,93.100408,0.0532,0,https://everyayah.com/data/Saood_ash-Shuraym_128kbps/012007.mp3,ff448e23b67b189dfbdf563d20150e1e7e035e285ec12e4c4d45adb1bd11d297
Saood_ash-Shuraym_128kbps,12,8,93.100408,104.306939,0.037,0,https://everyayah.com/data/Saood_ash-Shuraym_128kbps/012008.mp3,f25fa66eae8b27491c4b2d1b6a0665b4c8eac9da862434f38d3fb02d2b5ddf06
Saood_ash-Shuraym_128kbps,12,9,104.306939,116.009796,0.0395,0,https://everyayah.com/data/Saood_ash-Shuraym_128kbps/012009.mp3,82af5700dbd6f922fba25a6780b5950af649726f92f952791665545bdd6fd0c3
Saood_ash-Shuraym_128kbps,12,10,116.009796,132.388571,0.0403,0,https://everyayah.com/data/Saood_ash-Shuraym_128kbps/012010.mp3,82e2921aa1bd1cddb3e96603a9bdbaa49f24ac4ac9d5b2740e1d50ec7c06755a
Saood_ash-Shuraym_128kbps,12,11,132.388571,141.217959,0.0524,0,https://everyayah.com/data/Saood_ash-Shuraym_128kbps/012011.mp3,69943e896439e8364fbce5a9d61a82481ace2e5a7048e8841aba07f192b3f7e1
Saood_ash-Shuraym_128kbps,12,12,141.217959,148.37551,0.0463,0,https://everyayah.com/data/Saood_ash-Shuraym_128kbps/012012.mp3,68119bf89d724d5ed0144b7a247d7039ad2c5bdf52d3a8d8e4a47d9a42cd650a
Saood_ash-Shuraym_128kbps,12,13,148.37551,158.876735,0.0482,0,https://everyayah.com/data/Saood_ash-Shuraym_128kbps/012013.mp3,e33bfca6ce45f19c0bd83e46f34162748d4c6baa4a8f5371babb363adb8c9bfc
Saood_ash-Shuraym_128kbps,12,14,158.876735,166.791837,0.049,0,https://everyayah.com/data/Saood_ash-Shuraym_128kbps/012014.mp3,968b3814179ae59d09745a248fac62b1af6126feeee5dc22a92fba0e9aeff848
Saood_ash-Shuraym_128kbps,12,15,166.791837,181.76,0.0502,0,https://everyayah.com/data/Saood_ash-Shuraym_128kbps/012015.mp3,59cb313f88423984dbdafb8d461d5c47ef1f7d0a2b971a36fc6bfac492299d7c
Saood_ash-Shuraym_128kbps,12,16,181.76,188.395102,0.0478,0,https://everyayah.com/data/Saood_ash-Shuraym_128kbps/012016.mp3,386644e4295343dbde89642a1742c0938d07993bb88a6c334930daea0e8b1030
Saood_ash-Shuraym_128kbps,12,17,188.395102,204.094694,0.0376,0,https://everyayah.com/data/Saood_ash-Shuraym_128kbps/012017.mp3,9ed4bb2dd074f5847f4a9245f8130227aa74703f8f5b493d0d6fe8ea23dde45b
Saood_ash-Shuraym_128kbps,12,18,204.094694,221.884082,0.0315,0.0226,https://everyayah.com/data/Saood_ash-Shuraym_128kbps/012018.mp3,6645e58e7f349d057628d06cf978c5291490049ae2749fc135d8676e61b1d6d6
Saood_ash-Shuraym_128kbps,12,19,221.884082,238.524082,0.0499,0,https://everyayah.com/data/Saood_ash-Shuraym_128kbps/012019.mp3,2230de05ae5c616066e57262a7a4092e0d4f3d92ed92959977e37c659f37f618
Saood_ash-Shuraym_128kbps,12,20,238.524082,247.092245,0.037,0,https://everyayah.com/data/Saood_ash-Shuraym_128kbps/012020.mp3,9fc63f8676e98567fcfb806ff7aa954308dd88191091d4930227632918a4bbc4
Saood_ash-Shuraym_128kbps,12,21,247.092245,274.233469,0.0558,0,https://everyayah.com/data/Saood_ash-Shuraym_128kbps/012021.mp3,e2fb80040198f52407848dac7af4df68d280df5044994377f33bc5a4a6bfd319
Saood_ash-Shuraym_128kbps,12,22,274.233469,282.98449,0.0542,0.0202,https://everyayah.com/data/Saood_ash-Shuraym_128kbps/012022.mp3,b76e767503f830af2a9a86467804af62840d27ceb568224c888770db0b6bf232
Saood_ash-Shuraym_128kbps,12,23,282.98449,312.006531,0.0491,0,https://everyayah.com/data/Saood_ash-Shuraym_128kbps/012023.mp3,fd99a78f6145e6fc2ba7477e730955153265711fa3161bcd9cd518dc9963cd0a
Saood_ash-Shuraym_128kbps,12,24,312.006531,330.605714,0.0315,0,https://everyayah.com/data/Saood_ash-Shuraym_128kbps/012024.mp3,c671d2d4897b7220233c7d189743132ad68873b6af7d785d5f408ee135ee3eee
Saood_ash-Shuraym_128kbps,12,25,330.605714,347.898776,0.0352,0,https://everyayah.com/data/Saood_ash-Shuraym_128kbps/012025.mp3,4dd248ab0937f18d112381c83c2ee55ef83275a63e6b9aa879434ff8835fe3de
Saood_ash-Shuraym_128kbps,12,26,347.898776,361.769796,0.0491,0,https://everyayah.com/data/Saood_ash-Shuraym_128kbps/012026.mp3,b03a9ffddb801c10eb3e0ec33b46eaec5d8f59d190f4eec38d47ea2b7a16a812
Saood_ash-Shuraym_128kbps,12,27,361.769796,369.449796,0.0475,0,https://everyayah.com/data/Saood_ash-Shuraym_128kbps/012027.mp3,8356d3f4d3f43af9bdd7ceaeaa1428bb11fe8d895f6043258dd1c061a9447b4b
Saood_ash-Shuraym_128kbps,12,28,369.449796,382.119184,0.0476,0,https://everyayah.com/data/Saood_ash-Shuraym_128kbps/012028.mp3,98eb8076af1a8d3dbbd8dcd41479a138366d8893430cf6e14202fcd9e7fca761
Saood_ash-Shuraym_128kbps,12,29,382.119184,392.019592,0.049,0,https://everyayah.com/data/Saood_ash-Shuraym_128kbps/012029.mp3,4fb15a579498a1d2ef7c9612353d309fe9dd6ddac7ecd5b29d08795c6cfa4216
Saood_ash-Shuraym_128kbps,12,30,392.019592,405.838367,0.0446,0,https://everyayah.com/data/Saood_ash-Shuraym_128kbps/012030.mp3,5dda9223d32eb4754d5374f324a5f48b5ce6ea10019fd0a50e76810f2246ff80
Saood_ash-Shuraym_128kbps,12,31,405.838367,434.651429,0.0536,0,https://everyayah.com/data/Saood_ash-Shuraym_128kbps/012031.mp3,5d5b7deedba27d1d23d09779a41af2e296f150aaaf4fd8f05c8484419e5b6115
Saood_ash-Shuraym_128kbps,12,32,434.651429,451.160816,0.0356,0,https://everyayah.com/data/Saood_ash-Shuraym_128kbps/012032.mp3,638c07ad0e650c9df9c1d3fdee8b5220a5ed4d7b86344a2a923db8d5c50dd15b
Saood_ash-Shuraym_128kbps,12,33,451.160816,464.274286,0.0491,0,https://everyayah.com/data/Saood_ash-Shuraym_128kbps/012033.mp3,8670575d174728f8887d3f365d59c8baa5b9ba61934bbc575d9db785ed2c4ad7
Saood_ash-Shuraym_128kbps,12,34,464.274286,471.771429,0.0499,0,https://everyayah.com/data/Saood_ash-Shuraym_128kbps/012034.mp3,1ab797009e52e5a83f01bbffa883850fb3c0cc0bfe9f27b0c6fac5e043b03603
Saood_ash-Shuraym_128kbps,12,35,471.771429,479.660408,0.0517,0,https://everyayah.com/data/Saood_ash-Shuraym_128kbps/012035.mp3,3c064c9061164eb0ca59d06537c28823c0c5206bb3aee26c256479a23850c3c8
Saood_ash-Shuraym_128kbps,12,36,479.660408,500.27102,0.0516,0.3231,https://everyayah.com/data/Saood_ash-Shuraym_128kbps/012036.mp3,8c07b7ca5a01923131d03b6a98fede3bcb5de6d59813b3195abcda12072c8fdf
Saood_ash-Shuraym_128kbps,12,37,500.27102,522.213878,0.2393,0,https://everyayah.com/data/Saood_ash-Shuraym_128kbps/012037.mp3,467e1d90296634de37db9ff03548ea13e1237911361faa3ee372ccaf23f952f0
Saood_ash-Shuraym_128kbps,12,38,522.213878,543.817143,0.0525,0,https://everyayah.com/data/Saood_ash-Shuraym_128kbps/012038.mp3,fd26f41a2aec41d52371c21aa2fe4f6b358b10d573c0fcbea18833f97ca2384d
Saood_ash-Shuraym_128kbps,12,39,543.817143,552.359184,0.0536,0,https://everyayah.com/data/Saood_ash-Shuraym_128kbps/012039.mp3,3f1bbe5dcfb192f91512404fd97d580d42dc5efe09f672bd18e09ed81c085c7e
Saood_ash-Shuraym_128kbps,12,40,552.359184,583.732245,0.0481,0,https://everyayah.com/data/Saood_ash-Shuraym_128kbps/012040.mp3,c1687836e809da185d7a7db2fd23f866a30905170b1ffcb5818d2df5457e6daa
Saood_ash-Shuraym_128kbps,12,41,583.732245,598.752653,0.0494,0,https://everyayah.com/data/Saood_ash-Shuraym_128kbps/012041.mp3,6f15aa502e2eb707e4506458faa1a6eb54a7e905b48bd2a801a170a71a49eb55
Saood_ash-Shuraym_128kbps,12,42,598.752653,613.799184,0.0475,0.025,https://everyayah.com/data/Saood_ash-Shuraym_128kbps/012042.mp3,ee19fd3154602274bf8340092d48c1302b1c244273d56c84d3a75d253d883415
Saood_ash-Shuraym_128kbps,12,43,613.799184,634.096327,0.0435,0,https://everyayah.com/data/Saood_ash-Shuraym_128kbps/012043.mp3,44ac2fe576b7f64fc4b6540c2a78e87ca2058fa91c32bac2c6ce42c4e942eacc
Saood_ash-Shuraym_128kbps,12,44,634.096327,640.757551,0.0496,0,https://everyayah.com/data/Saood_ash-Shuraym_128kbps/012044.mp3,99826f023c908f6e7ed15e02e5110f5bbfe5880be38044e9084b859525f11f81
Saood_ash-Shuraym_128kbps,12,45,640.757551,649.874286,0.0475,0,https://everyayah.com/data/Saood_ash-Shuraym_128kbps/012045.mp3,9ad69a687e601936d449c59e7601a51e3bd4ffb18659cba96bc2dd7c9cf0203d
Saood_ash-Shuraym_128kbps,12,46,649.874286,668.107755,0.0491,0,https://everyayah.com/data/Saood_ash-Shuraym_128kbps/012046.mp3,895cd0ba427af0d988b62f9c81b3e3ea73734d91c2bc24436119b9ce82083377
Saood_ash-Shuraym_128kbps,12,47,668.107755,678.138776,0.0549,0,https://everyayah.com/data/Saood_ash-Shuraym_128kbps/012047.mp3,05c5279ac3f2f6027f8bd73e7a591cf06594520a1b6e5c61a78ac3f6b7e10cbb
Saood_ash-Shuraym_128kbps,12,48,678.138776,690.808163,0.0483,0,https://everyayah.com/data/Saood_ash-Shuraym_128kbps/012048.mp3,c9a453877a810cd17ab08fd458371a4afc5833ba0b7d912b17202dd611bb3c09
Saood_ash-Shuraym_128kbps,12,49,690.808163,698.566531,0.0498,0,https://everyayah.com/data/Saood_ash-Shuraym_128kbps/012049.mp3,11173dba82df5ffa7105a1b61d09083374689eccccc085f79065225481e9681c
Saood_ash-Shuraym_128kbps,12,50,698.566531,714.686395,0,0,https://everyayah.com/data/Saood_ash-Shuraym_128kbps/012050.mp3,8eebb2b62b6de14fca30fc7b0ba47f3c689b430ab2e13b6435bf39756c7a15cf
Saood_ash-Shuraym_128kbps,12,51,714.686395,734.617823,0.0474,0,https://everyayah.com/data/Saood_ash-Shuraym_128kbps/012051.mp3,bc881c89d1ffc547d682428b4cf127410ccd540f4b5e6c0418863cef8116882f
Saood_ash-Shuraym_128kbps,12,52,734.617823,743.76068,0.048,0,https://everyayah.com/data/Saood_ash-Shuraym_128kbps/012052.mp3,02f9b3630a6e150c3fabfe3ba2af88156bacc6c019c232397994695e74a59d17
Saood_ash-Shuraym_128kbps,12,53,743.76068,757.683946,0.0482,0,https://everyayah.com/data/Saood_ash-Shuraym_128kbps/012053.mp3,7674fcba6d61a92c3d5b72e9b68edda5588d76840db8fdc8a03ba80026a03a96
Saood_ash-Shuraym_128kbps,12,54,757.683946,768.368027,0.0515,0,https://everyayah.com/data/Saood_ash-Shuraym_128kbps/012054.mp3,eafefb2b5880cb63b019da72adf9c49624e1f197e63585daa2cf365a837fd15e
Saood_ash-Shuraym_128kbps,12,55,768.368027,774.088844,0.0473,0,https://everyayah.com/data/Saood_ash-Shuraym_128kbps/012055.mp3,353e22f2d6a4c460051eecefc7738858ce6467dac575e60248ec318498f0296c
Saood_ash-Shuraym_128kbps,12,56,774.088844,787.803129,0.0468,0,https://everyayah.com/data/Saood_ash-Shuraym_128kbps/012056.mp3,505014ad526cb4668315e26927b7c60cb96a3c0ea167b4822bbde4b154e92f6c
Saood_ash-Shuraym_128kbps,12,57,787.803129,794.307619,0.0345,0,https://everyayah.com/data/Saood_ash-Shuraym_128kbps/012057.mp3,0b337dcf32ae3ea7e33da863c43224161d429dd68f9d67e163af2346f116b096
Saood_ash-Shuraym_128kbps,12,58,794.307619,802.301088,0.048,0,https://everyayah.com/data/Saood_ash-Shuraym_128kbps/012058.mp3,66498ed7e124f35c6744089d53faca2045cf8e482663564d34ca9dc78df3a275
Saood_ash-Shuraym_128kbps,12,59,802.301088,814.865986,0.0497,0,https://everyayah.com/data/Saood_ash-Shuraym_128kbps/012059.mp3,7c23d482bd73d19b23e7f81b0e10677db89703359b1fcf2d0515fdfb34499c08
Saood_ash-Shuraym_128kbps,12,60,814.865986,820.76966,0.0572,0,https://everyayah.com/data/Saood_ash-Shuraym_128kbps/012060.mp3,56f43fe686177b1f6787f28e38298fd34670dcc81ee96f0fb2b4fe80ee232a09
Saood_ash-Shuraym_128kbps,12,61,820.76966,826.203129,0.0357,0,https://everyayah.com/data/Saood_ash-Shuraym_128kbps/012061.mp3,42f846fc7bf438e912094ff0f89b5180473c7a6f346ef1c70adf70383c18a672
Saood_ash-Shuraym_128kbps,12,62,826.203129,840.257007,0.0527,0,https://everyayah.com/data/Saood_ash-Shuraym_128kbps/012062.mp3,7f85691be22492c358000c8021c628d0660973e9dd11db03635496fb632c9c12
Saood_ash-Shuraym_128kbps,12,63,840.257007,851.855374,0.0497,0,https://everyayah.com/data/Saood_ash-Shuraym_128kbps/012063.mp3,a227fb30a577bd4b21779b61263573db6484350143b2774f7d6d3bac4f90ea28
Saood_ash-Shuraym_128kbps,12,64,851.855374,865.386803,0.0478,0.0517,https://everyayah.com/data/Saood_ash-Shuraym_128kbps/012064.mp3,ccfea138260d8e52878d014bc6eea7932b3d9c97df8cd89083a278746f0f9ba4
Saood_ash-Shuraym_128kbps,12,65,865.386803,886.075782,0.1645,0,https://everyayah.com/data/Saood_ash-Shuraym_128kbps/012065.mp3,39e37739e272d0bcf6272d909169be613728f414815f7e4fd51ac5b71d3e4b76
Saood_ash-Shuraym_128kbps,12,66,886.075782,903.185986,0.053,0,https://everyayah.com/data/Saood_ash-Shuraym_128kbps/012066.mp3,06b0203eaa6dff4b239c3ce672ad104bac04b62b39eb61ce7d670f9ef977244d
Saood_ash-Shuraym_128kbps,12,67,903.185986,924.110068,0.0381,0,https://everyayah.com/data/Saood_ash-Shuraym_128kbps/012067.mp3,4f16b2198983dc40a43ff1c3f57fd269a7e68337358cedc420304b2a79ce1bfd
Saood_ash-Shuraym_128kbps,12,68,924.110068,949.866803,0.0529,0,https://everyayah.com/data/Saood_ash-Shuraym_128kbps/012068.mp3,9e6a3424e3851b1ed4a3b2c6c0bb709ef66fa0793e9b569148fc8e1e96d8ebea
Saood_ash-Shuraym_128kbps,12,69,949.866803,961.230068,0.0483,0,https://everyayah.com/data/Saood_ash-Shuraym_128kbps/012069.mp3,e9c05c0e78b98292fb9ce959debb98e623d1fb2ad74a14d1c13e3ce8bb3f7d8d
Saood_ash-Shuraym_128kbps,12,70,961.230068,973.533741,0.0488,0,https://everyayah.com/data/Saood_ash-Shuraym_128kbps/012070.mp3,0869f910e39d814046370dcea1d5b099fcd0eb7575a286ad7bcb6eef4857c8a8
Saood_ash-Shuraym_128kbps,12,71,973.533741,977.922313,0.0514,0,https://everyayah.com/data/Saood_ash-Shuraym_128kbps/012071.mp3,fa3f4705da0a60437beccbf112ee8ee0cee1fa23d05c1599e92817530cf06647
Saood_ash-Shuraym_128kbps,12,72,977.922313,986.542721,0.0344,0,https://everyayah.com/data/Saood_ash-Shuraym_128kbps/012072.mp3,c36a7440423e2054270e87f2d8f56ee57fa646df726f83f0b8bb4e59120584a2
Saood_ash-Shuraym_128kbps,12,73,986.542721,994.53619,0.0497,0,https://everyayah.com/data/Saood_ash-Shuraym_128kbps/012073.mp3,7c1e4dcc22ea23fb58c520c58a940208b31f6bee28f8733ae53984c8543eb08b
Saood_ash-Shuraym_128kbps,12,74,994.53619,1000.039274,0,0,https://everyayah.com/data/Saood_ash-Shuraym_128kbps/012074.mp3,0b71f82ea489df7aeddc1498d92b0c10a0dbc3b1e385a3dbf90ce5e3ee34d965
Saood_ash-Shuraym_128kbps,12,75,1000.039274,1010.549252,0,0,https://everyayah.com/data/Saood_ash-Shuraym_128kbps/012075.mp3,5d24f37cf380189f9c224a9c2ded7d19e9b04510f94ea3f7abb737a740009c0b
Saood_ash-Shuraym_128kbps,12,76,1010.549252,1038.578639,0.0548,0,https://everyayah.com/data/Saood_ash-Shuraym_128kbps/012076.mp3,565e57bc691cc55f15cf00216bf87e2f4ac0a903ac68ab7cea87a94335a9d233
Saood_ash-Shuraym_128kbps,12,77,1038.578639,1054.826803,0.0466,0,https://everyayah.com/data/Saood_ash-Shuraym_128kbps/012077.mp3,994f4f7a23caa6677ca4b81601e498218ef9df78b555d814b288b339c4696239
Saood_ash-Shuraym_128kbps,12,78,1054.826803,1066.242313,0.049,0,https://everyayah.com/data/Saood_ash-Shuraym_128kbps/012078.mp3,d3504be2529615ca327fbb5f1f76f8cbe3517aa4820c9d577c7f2c4e03d6f9a6
Saood_ash-Shuraym_128kbps,12,79,1066.242313,1076.168844,0.057,0,https://everyayah.com/data/Saood_ash-Shuraym_128kbps/012079.mp3,50c61356bb0171a2b9dcfdb74999899d7ae4e5dc78f0a4bb691e1fdd826ea7c5
Saood_ash-Shuraym_128kbps,12,80,1076.168844,1105.739456,0.048,0,https://everyayah.com/data/Saood_ash-Shuraym_128kbps/012080.mp3,a78da6330c8f4cb310c42771407b93e08f0c59af857aa08feabab018593bc050
Saood_ash-Shuraym_128kbps,12,81,1105.739456,1118.539456,0.0483,0,https://everyayah.com/data/Saood_ash-Shuraym_128kbps/012081.mp3,0c7178cdb9e0897e1146fd72db9d5fbd2f23aee1b9fc8e03420f2304e701f08a
Saood_ash-Shuraym_128kbps,12,82,1118.539456,1127.421088,0.0381,0,https://everyayah.com/data/Saood_ash-Shuraym_128kbps/012082.mp3,b2b5eb47d42633c084f2d9749f4a27abba07b2f25e4dcea3b869a19c79833023
Saood_ash-Shuraym_128kbps,12,83,1127.421088,1141.814558,0.049,0,https://everyayah.com/data/Saood_ash-Shuraym_128kbps/012083.mp3,004b303a21e1adc7b52f30cf1fcb937e18194196ab125592baa3712acc086644
Saood_ash-Shuraym_128kbps,12,84,1141.814558,1150.199864,0.0487,0,https://everyayah.com/data/Saood_ash-Shuraym_128kbps/012084.mp3,a55335905cc0cd35d0edc1131eac3b15dc9689e7ccdf56d4a1ff746b08119511
Saood_ash-Shuraym_128kbps,12,85,1150.199864,1157.958231,0.0506,0,https://everyayah.com/data/Saood_ash-Shuraym_128kbps/012085.mp3,f51b0800846e5618897c28883c2ad659634f925808cf3619437be5e46d8ca360
Saood_ash-Shuraym_128kbps,12,86,1157.958231,1177.393333,0.0479,0,https://everyayah.com/data/Saood_ash-Shuraym_128kbps/012086.mp3,5ac887a074261840cf902a6596547f011b6396c432ca11d7d48658b4a2ff5d49
Saood_ash-Shuraym_128kbps,12,87,1177.393333,1191.447211,0.0651,0,https://everyayah.com/data/Saood_ash-Shuraym_128kbps/012087.mp3,62d524e2c02600bd836c6b48e04e87ca6a0eccc4a1a179aa4635d85048d91ab6
Saood_ash-Shuraym_128kbps,12,88,1191.447211,1211.796599,0.1142,0,https://everyayah.com/data/Saood_ash-Shuraym_128kbps/012088.mp3,94f3f28ac04fc00313617e85bba0a7b77a948aebc45b156b4a2ac4b23d8a6759
Saood_ash-Shuraym_128kbps,12,89,1211.796599,1218.719048,0.0365,0,https://everyayah.com/data/Saood_ash-Shuraym_128kbps/012089.mp3,d24e31802583e596a7fb493bccf3f798488c02901bbbc79844298935135b9541
Saood_ash-Shuraym_128kbps,12,90,1218.719048,1234.836599,0.0497,0,https://everyayah.com/data/Saood_ash-Shuraym_128kbps/012090.mp3,2a54b75d90d24706258f4d7b8023aef0c675e883478c59ad1e2e88aa6fa04bab
Saood_ash-Shuraym_128kbps,12,91,1234.836599,1241.732925,0.0493,0,https://everyayah.com/data/Saood_ash-Shuraym_128kbps/012091.mp3,e2d119602060cfe717c0ebb40f194714d3ca12003e3c18af9aa7ed244449a248
Saood_ash-Shuraym_128kbps,12,92,1241.732925,1249.334558,0.0399,0,https://everyayah.com/data/Saood_ash-Shuraym_128kbps/012092.mp3,d5899e7ba89e1fbeb5d179453548c942b2fd3dbe6e82fbb3aa3d9c1aae4af51a
Saood_ash-Shuraym_128kbps,12,93,1249.334558,1262.030068,0.049,0,https://everyayah.com/data/Saood_ash-Shuraym_128kbps/012093.mp3,72bc10bf46501a0263abb383389993f81566008e8500f0425ba1c39312414dc0
Saood_ash-Shuraym_128kbps,12,94,1262.030068,1271.669252,0.1454,0,https://everyayah.com/data/Saood_ash-Shuraym_128kbps/012094.mp3,699ce153198ea5d7de57b5c379ff7931dc4ca2db1781c53fdabba13edd11a11f
Saood_ash-Shuraym_128kbps,12,95,1271.669252,1276.632517,0.0409,0,https://everyayah.com/data/Saood_ash-Shuraym_128kbps/012095.mp3,3f9d99e15c3df5c397a8c88cc6046369ce0f2143bbec20654ab689480cb997c9
Saood_ash-Shuraym_128kbps,12,96,1276.632517,1290.764762,0.0496,0,https://everyayah.com/data/Saood_ash-Shuraym_128kbps/012096.mp3,7b8c2a2f25cc255bcd3c3efc7088f8a82abe458a8068cb3a56291763821ea726
Saood_ash-Shuraym_128kbps,12,97,1290.764762,1298.131293,0.0493,0,https://everyayah.com/data/Saood_ash-Shuraym_128kbps/012097.mp3,58612d41e0756897ccc98935b8f78ad7055ebed251847edb928659baac782e24
Saood_ash-Shuraym_128kbps,12,98,1298.131293,1305.236599,0.0486,0,https://everyayah.com/data/Saood_ash-Shuraym_128kbps/012098.mp3,0fd152a3c06ae8c8fb990c8356d981f4710ab066a04e4924fa7b3f78ffa900d0
Saood_ash-Shuraym_128kbps,12,99,1305.236599,1315.894558,0.0499,0,https://everyayah.com/data/Saood_ash-Shuraym_128kbps/012099.mp3,7edad0a81bdeb22d79f934e8689d837a132ec44220d8f5c252fb8f9dde7f166c
Saood_ash-Shuraym_128kbps,12,100,1315.894558,1351.185986,0.0489,0,https://everyayah.com/data/Saood_ash-Shuraym_128kbps/012100.mp3,78bcb6b7d90b6d7b4164f4fc7135281e904f19c7b60f2355a5ccc6ee4cfb8d0d
Saood_ash-Shuraym_128kbps,12,101,1351.185986,1374.199864,0.048,0,https://everyayah.com/data/Saood_ash-Shuraym_128kbps/012101.mp3,c62aa3b664a56ca1cfb5bbe39d62a3b67cd72611e4e574287d081b77694d822e
Saood_ash-Shuraym_128kbps,12,102,1374.199864,1385.615374,0.0549,0,https://everyayah.com/data/Saood_ash-Shuraym_128kbps/012102.mp3,5d782eda348518aa01c547b42a5b8e018843ac348ff8e6074263b9f368882924
Saood_ash-Shuraym_128kbps,12,103,1385.615374,1390.317415,0.0456,0,https://everyayah.com/data/Saood_ash-Shuraym_128kbps/012103.mp3,6866da02423bebfeb9acffcb83adc3e090ff9a023cde52c249c43b7b22589031
Saood_ash-Shuraym_128kbps,12,104,1390.317415,1396.612925,0.036,0,https://everyayah.com/data/Saood_ash-Shuraym_128kbps/012104.mp3,2fe49d91504e29539012d2177de3ff5773a489c531d5adbf27933c41d2dcd2f8
Saood_ash-Shuraym_128kbps,12,105,1396.612925,1405.154966,0.0479,0,https://everyayah.com/data/Saood_ash-Shuraym_128kbps/012105.mp3,b4e3a3a540ba571a02921b68a107591fcca0f8e6ce65e27db34fc73d8d87b6d3
Saood_ash-Shuraym_128kbps,12,106,1405.154966,1410.614558,0.0491,0,https://everyayah.com/data/Saood_ash-Shuraym_128kbps/012106.mp3,48f15564abcb25dc4d4d6e73834eb81152ae9462c6ea48ce3f50800eb86a2834
Saood_ash-Shuraym_128kbps,12,107,1410.614558,1420.959048,0.0478,0,https://everyayah.com/data/Saood_ash-Shuraym_128kbps/012107.mp3,64fed9d64f879372eabef212288f4891f2636858c3eee58d3f50e557db7b57ed
Saood_ash-Shuraym_128kbps,12,108,1420.959048,1446.350068,0.0542,0,https://everyayah.com/data/Saood_ash-Shuraym_128kbps/012108.mp3,dda1e5cf4f27cddbbf546680e50148bf8d723e8e25fcf3fc55a63cb910ca5266
Saood_ash-Shuraym_128kbps,12,109,1446.350068,1467.457007,0.1093,0,https://everyayah.com/data/Saood_ash-Shuraym_128kbps/012109.mp3,0586590af4ac1dee898fda6f6dfd70619f8c73e69282930310b26e8c72273c6a
Saood_ash-Shuraym_128kbps,12,110,1467.457007,1485.716599,0.0508,0,https://everyayah.com/data/Saood_ash-Shuraym_128kbps/012110.mp3,bf09ce8da0bb1708cde635e90d9679d9d7badbd1036d5782fb464a64fa13949f
Saood_ash-Shuraym_128kbps,12,111,1485.716599,1506.092109,0.0349,0,https://everyayah.com/data/Saood_ash-Shuraym_128kbps/012111.mp3,5fc5fbf6463f359c8c618ec1a8f0c66aa1f1a01d45dfc7909594314afb86d702
Saood_ash-Shuraym_128kbps,36,1,0,2.298776,0.032,0,https://everyayah.com/data/Saood_ash-Shuraym_128kbps/036001.mp3,cbaea68391c417c1c8549e40d7a27f5685f40fcf949f84b0e1f68e15fafa982b
Saood_ash-Shuraym_128kbps,36,2,2.298776,4.284082,0.0498,0,https://everyayah.com/data/Saood_ash-Shuraym_128kbps/036002.mp3,6028ee675f7406bc51d5a5fc07f62dbab62fa9fe32bbbcafd06cfbace1481365
Saood_ash-Shuraym_128kbps,36,3,4.284082,6.791837,0.0452,0,https://everyayah.com/data/Saood_ash-Shuraym_128kbps/036003.mp3,944e23eeb7aa2e888ddcbbe6e63affb3d43af856a69ab2599edd80f944665f29
Saood_ash-Shuraym_128kbps,36,4,6.791837,9.665306,0.0457,0,https://everyayah.com/data/Saood_ash-Shuraym_128kbps/036004.mp3,4f752829494c73f3d3b4a92f9b226f0d430f32dcdacf02589faa37089cb604ff
Saood_ash-Shuraym_128kbps,36,5,9.665306,13.061224,0.0504,0,https://everyayah.com/data/Saood_ash-Shuraym_128kbps/036005.mp3,637088d52e72f68a6db460b085286b9522a1b794e0f2fedba3e4b33121a5f166
Saood_ash-Shuraym_128kbps,36,6,13.061224,19.644082,0.0486,0,https://everyayah.com/data/Saood_ash-Shuraym_128kbps/036006.mp3,1fc3577b384e8467f07ab6c8d8e20304b86dc6ef0c94c4fcc116a3804807eb8d
Saood_ash-Shuraym_128kbps,36,7,19.644082,25.155918,0.0475,0,https://everyayah.com/data/Saood_ash-Shuraym_128kbps/036007.mp3,9b6b1abd8c724c6e5c1d93adbeeb30fa71b36e1a08aa67ce19febcf21e169b13
Saood_ash-Shuraym_128kbps,36,8,25.155918,33.880816,0.0485,0,https://everyayah.com/data/Saood_ash-Shuraym_128kbps/036008.mp3,17549fc82bfb65f52ccef64ba4a393ed6886f71787cab4683adc6180ea91a844
Saood_ash-Shuraym_128kbps,36,9,33.880816,43.41551,0.0499,0,https://everyayah.com/data/Saood_ash-Shuraym_128kbps/036009.mp3,4c6f3de3fde431fdfbb751b70da46a10cd4ca0128ca6726299f4411f384258d7
Saood_ash-Shuraym_128kbps,36,10,43.41551,50.886531,0.0485,0,https://everyayah.com/data/Saood_ash-Shuraym_128kbps/036010.mp3,0349df81d8d0c0fb174d72ea9527d97fce1e877900025ac872738f5b77c42fcc
Saood_ash-Shuraym_128kbps,36,11,50.886531,60.891429,0.0486,0,https://everyayah.com/data/Saood_ash-Shuraym_128kbps/036011.mp3,725dfb97968a5188e2c054fc91b7c937e3f7e1e5ac5b5be6c98762528c209ee3
Saood_ash-Shuraym_128kbps,36,12,60.891429,72.411429,0.0472,0,https://everyayah.com/data/Saood_ash-Shuraym_128kbps/036012.mp3,a05508b3ca02cd0768fd8b03d10aef4b1a32254dc848ade7c146c06ee9d6fa33
Saood_ash-Shuraym_128kbps,36,13,72.411429,78.654694,0.0329,0,https://everyayah.com/data/Saood_ash-Shuraym_128kbps/036013.mp3,42435462f744aced77a72da0cab287425dfcbfbb34082af6cccf6e0f919986ce
Saood_ash-Shuraym_128kbps,36,14,78.654694,88.842449,0.0491,0,https://everyayah.com/data/Saood_ash-Shuraym_128kbps/036014.mp3,48e365c0ce728b49a56bfc52bb2caf73abe00a1f0291ba9a0cca1d20a588d6f9
Saood_ash-Shuraym_128kbps,36,15,88.842449,99.866122,0.0495,0,https://everyayah.com/data/Saood_ash-Shuraym_128kbps/036015.mp3,740ad622451f132b2c76fa0fbf8b0d015ee513f0a9b79ece0d3f0a5881fd0911
Saood_ash-Shuraym_128kbps,36,16,99.866122,105.142857,0.0341,0,https://everyayah.com/data/Saood_ash-Shuraym_128kbps/036016.mp3,f387b868523694ba35fe82f13c937e52c30f2202468c61f19e92e6a27005741a
Saood_ash-Shuraym_128kbps,36,17,105.142857,109.217959,0.0486,0,https://everyayah.com/data/Saood_ash-Shuraym_128kbps/036017.mp3,5a016b6c6b23307ecb63411e6036bb445333cf5ecc5fa67632d705500d352620
Saood_ash-Shuraym_128kbps,36,18,109.217959,120.450612,0.0512,0,https://everyayah.com/data/Saood_ash-Shuraym_128kbps/036018.mp3,4dcd25c9b864503ac13bc5588e9de223df4778489b66909dad9f8951a3040d46
Saood_ash-Shuraym_128kbps,36,19,120.450612,129.436735,0.0467,0,https://everyayah.com/data/Saood_ash-Shuraym_128kbps/036019.mp3,445ef42667c18dc22b09f52a98749f78d7dadc4bc490c339ba1a49733df9f92c
Saood_ash-Shuraym_128kbps,36,20,129.436735,137.717551,0.0502,0,https://everyayah.com/data/Saood_ash-Shuraym_128kbps/036020.mp3,8394a1d2d37bf692fc2e934f1ab45396ea3e1955333354475e4b2e7a4231a482
Saood_ash-Shuraym_128kbps,36,21,137.717551,143.36,0.0483,0,https://everyayah.com/data/Saood_ash-Shuraym_128kbps/036021.mp3,60995b5ad7f1a54d4e81dbb17be6d2cda845cee3e0bd21dd2d4ca19486e999b0
Saood_ash-Shuraym_128kbps,36,22,143.36,148.819592,0.0479,0,https://everyayah.com/data/Saood_ash-Shuraym_128kbps/036022.mp3,5f17a803d416434d6b833abb8a48f76ab2b599555f115c0f1c36188235e5a9c3
Saood_ash-Shuraym_128kbps,36,23,148.819592,160.705306,0.0496,0,https://everyayah.com/data/Saood_ash-Shuraym_128kbps/036023.mp3,455926765bc2963539cf2d71cb6235144606731c6ca92c9ecfc1f9917464aa66
Saood_ash-Shuraym_128kbps,36,24,160.705306,165.22449,0.0485,0,https://everyayah.com/data/Saood_ash-Shuraym_128kbps/036024.mp3,0415a4d58208f719e33485c8eb98d5c2d47fa748381526e8a20c498e57c848ae
Saood_ash-Shuraym_128kbps,36,25,165.22449,170.24,0.0458,0,https://everyayah.com/data/Saood_ash-Shuraym_128kbps/036025.mp3,6c6a4a5add1abd56fdabbf5ac11eede7b710640ddf29b004bf4bd7a34f3f6957
Saood_ash-Shuraym_128kbps,36,26,170.24,175.882449,0.0377,0,https://everyayah.com/data/Saood_ash-Shuraym_128kbps/036026.mp3,d93ea713027392f9abe9fbd18a496a308b1f8ea043a9bf125431b4e96cdbf1a6
Saood_ash-Shuraym_128kbps,36,27,175.882449,182.857143,0.047,0,https://everyayah.com/data/Saood_ash-Shuraym_128kbps/036027.mp3,075f86a19654ef7d5f49ba03ceaefbed9ba2e5471731fc9c1acf49a25efa03f0
Saood_ash-Shuraym_128kbps,36,28,182.857143,194.45551,0.034,0,https://everyayah.com/data/Saood_ash-Shuraym_128kbps/036028.mp3,ca6844793377c15283e9acc4cf6c2e9a009f44bbcf922e98a85bf0d3bc376579
Saood_ash-Shuraym_128kbps,36,29,194.45551,201.848163,0.0347,0,https://everyayah.com/data/Saood_ash-Shuraym_128kbps/036029.mp3,53378ad1c82de8e68e1dc0bcda9e10a30e5c6a1c601c11ea66665a672b41fd0d
Saood_ash-Shuraym_128kbps,36,30,201.848163,212.218776,0.0553,0,https://everyayah.com/data/Saood_ash-Shuraym_128kbps/036030.mp3,30377846cbc8d696ef877a674df89324522d0f90a1b052384b58dc2d68128c4c
Saood_ash-Shuraym_128kbps,36,31,212.218776,220.630204,0.0365,0,https://everyayah.com/data/Saood_ash-Shuraym_128kbps/036031.mp3,398e78f0f263b080b52a4d8c1f6051ac85d39d98798f5e965110b7086c7c46cd
Saood_ash-Shuraym_128kbps,36,32,220.630204,226.115918,0.0522,0,https://everyayah.com/data/Saood_ash-Shuraym_128kbps/036032.mp3,9bf06fdd312b03d5836a38ee68f5e648602b52bcd7e311db1e379ce7c0546b91
Saood_ash-Shuraym_128kbps,36,33,226.115918,235.546122,0.0488,0,https://everyayah.com/data/Saood_ash-Shuraym_128kbps/036033.mp3,0943dcc1f0b22056fafce407ab45ed6ff370a50b25448aa08b519f7e326ad0d6
Saood_ash-Shuraym_128kbps,36,34,235.546122,244.793469,0.0514,0,https://everyayah.com/data/Saood_ash-Shuraym_128kbps/036034.mp3,ba1376232c8384e6b9a39642f15874cc2fc251c3a5bce424c3498a484f69638e
Saood_ash-Shuraym_128kbps,36,35,244.793469,251.977143,0.0495,0,https://everyayah.com/data/Saood_ash-Shuraym_128kbps/036035.mp3,2270c5cb1e12fc1d02349a0d364c1852117f94cb5cff9e9040822e331f3c5e7d
Saood_ash-Shuraym_128kbps,36,36,251.977143,262.556735,0.0482,0,https://everyayah.com/data/Saood_ash-Shuraym_128kbps/036036.mp3,1e2a6519142d61fe867f67fbfccd7e9bf60ee52afae605eb26adec30cd220e9a
Saood_ash-Shuraym_128kbps,36,37,262.556735,269.583673,0.0494,0,https://everyayah.com/data/Saood_ash-Shuraym_128kbps/036037.mp3,a73c895e2ce97ea205ceb3445643ba0bde11853d1845e0c569138869cb43ee5f
Saood_ash-Shuraym_128kbps,36,38,269.583673,276.845714,0.048,0,https://everyayah.com/data/Saood_ash-Shuraym_128kbps/036038.mp3,fd9e3f78c6d655517aaa93fc24231303c7bcc2a93b5a0efd061970693b33517f
Saood_ash-Shuraym_128kbps,36,39,276.845714,283.219592,0.051,0,https://everyayah.com/data/Saood_ash-Shuraym_128kbps/036039.mp3,7cb2cdc38e7de72adfa8c8690b1f1f6d6d6c5f0a012aa9587f90d4af72fed85a
Saood_ash-Shuraym_128kbps,36,40,283.219592,294.034286,0.0501,0,https://everyayah.com/data/Saood_ash-Shuraym_128kbps/036040.mp3,da7051faf4e07488f2aaaf7e077b91ef47a832cb84589c27fb203c0ef07ee93e
Saood_ash-Shuraym_128kbps,36,41,294.034286,300.355918,0.0527,0,https://everyayah.com/data/Saood_ash-Shuraym_128kbps/036041.mp3,90c78dc1efcdd475cec10aab553c52bb96d8c12f8ddb25ac89954cb966e33939
Saood_ash-Shuraym_128kbps,36,42,300.355918,305.684898,0.0471,0,https://everyayah.com/data/Saood_ash-Shuraym_128kbps/036042.mp3,890dfa35eac9e9b3124c6ee1095f2d4e685990ab8949205736156cd52fb206d1
Saood_ash-Shuraym_128kbps,36,43,305.684898,311.693061,0.0314,0,https://everyayah.com/data/Saood_ash-Shuraym_128kbps/036043.mp3,3c806f34475df3a4377e0097a6848e7ad48bf293631ef2c8b67a1f5ad97e5c85
Saood_ash-Shuraym_128kbps,36,44,311.693061,316.577959,0.0475,0,https://everyayah.com/data/Saood_ash-Shuraym_128kbps/036044.mp3,b83261a5201285bf82539fdaec35747cdb1dbe816d3510260e6f643bba8a44ae
Saood_ash-Shuraym_128kbps,36,45,316.577959,325.067755,0.0473,0,https://everyayah.com/data/Saood_ash-Shuraym_128kbps/036045.mp3,1ed339a2411df8fb7b63a8c88095ed2017a2bdbfa0ddacd97b2756d3618e95d1
Saood_ash-Shuraym_128kbps,36,46,325.067755,333.191837,0.0323,0,https://everyayah.com/data/Saood_ash-Shuraym_128kbps/036046.mp3,7a70dbb83d87327938b2eeaf0664bea66e2782bda848b8115e47c00809d5b448
Saood_ash-Shuraym_128kbps,36,47,333.191837,351.190204,0.0488,0,https://everyayah.com/data/Saood_ash-Shuraym_128kbps/036047.mp3,f95f677e9e7aaddbebacd244f7792125d62acb30d35a14a05c71b2de91903f94
Saood_ash-Shuraym_128kbps,36,48,351.190204,357.22449,0.0494,0,https://everyayah.com/data/Saood_ash-Shuraym_128kbps/036048.mp3,f6de64b4a05673ba48b69abaf28187ba81e110f8b036f2a56079bfabdf0047b1
Saood_ash-Shuraym_128kbps,36,49,357.22449,364.355918,0.0472,0,https://everyayah.com/data/Saood_ash-Shuraym_128kbps/036049.mp3,7bde9a584d86a1e234a7be5149f7c1126fd649816e21a390b1607889b3215f54
Saood_ash-Shuraym_128kbps,36,50,364.355918,370.442449,0.0478,0,https://everyayah.com/data/Saood_ash-Shuraym_128kbps/036050.mp3,cf24f00bd87b27657335b19c2597cbde6f0f95acb84c597f92379014929d2424
Saood_ash-Shuraym_128kbps,36,51,370.442449,377.469388,0.0472,0,https://everyayah.com/data/Saood_ash-Shuraym_128kbps/036051.mp3,9e621bc5a82ab7e2e9cde5a8014c20e778400e2ef6c59758331cd89a421ec83a
Saood_ash-Shuraym_128kbps,36,52,377.469388,387.317551,0.0495,0,https://everyayah.com/data/Saood_ash-Shuraym_128kbps/036052.mp3,f3651349b99c278eb42a2a133b770b6b2e7df80f4da24244b07a99a8851a58e2
Saood_ash-Shuraym_128kbps,36,53,387.317551,395.232653,0.0467,0,https://everyayah.com/data/Saood_ash-Shuraym_128kbps/036053.mp3,296bdd13efd05705ce7374f5765b7696b4d47964d329b6c2e6fe287cd8cc2088
Saood_ash-Shuraym_128kbps,36,54,395.232653,404.871837,0.047,0,https://everyayah.com/data/Saood_ash-Shuraym_128kbps/036054.mp3,8fab1633f290df2e277f10e8f42e5c3d815ad7f929a1fc6cb62483ef865d4bfd
Saood_ash-Shuraym_128kbps,36,55,404.871837,410.540408,0.0323,0,https://everyayah.com/data/Saood_ash-Shuraym_128kbps/036055.mp3,a8a061b57bf6c33eda3bc435c03c0d8483a8eaa054b3747276838a4823fa3b0d
Saood_ash-Shuraym_128kbps,36,56,410.540408,416.574694,0.048,0,https://everyayah.com/data/Saood_ash-Shuraym_128kbps/036056.mp3,aa93323edf9172f1a463514debac05b9aba9f923f1af1cecbaf6c27ea717d42a
Saood_ash-Shuraym_128kbps,36,57,416.574694,421.746939,0.0523,0,https://everyayah.com/data/Saood_ash-Shuraym_128kbps/036057.mp3,d0d7fe83ad316220e85f5c3ac0c9e38b0bd6886c9dfa61e2dcc9ae8fe400f617
Saood_ash-Shuraym_128kbps,36,58,421.746939,426.004898,0.0469,0,https://everyayah.com/data/Saood_ash-Shuraym_128kbps/036058.mp3,c84824d5234fd34a1ba0927752f1f29cdf35d13758dec07605e6094dd9cac333
Saood_ash-Shuraym_128kbps,36,59,426.004898,429.400816,0.0457,0,https://everyayah.com/data/Saood_ash-Shuraym_128kbps/036059.mp3,d81f9c72a0366e9175610fc96a0c3746ddb24d5c484dbde5f3462f8337b5698f
Saood_ash-Shuraym_128kbps,36,60,429.400816,439.013878,0.0486,0,https://everyayah.com/data/Saood_ash-Shuraym_128kbps/036060.mp3,e83296016b0ff37a654d3601069ddf4bb23d4d200c1c7927515f9a38abdba2ca
Saood_ash-Shuraym_128kbps,36,61,439.013878,443.506939,0.0452,0,https://everyayah.com/data/Saood_ash-Shuraym_128kbps/036061.mp3,acb1afb3a717401207f8de703443c136a52e91bbb2d1b0728c7ec02c765f278a
Saood_ash-Shuraym_128kbps,36,62,443.506939,449.828571,0.05,0,https://everyayah.com/data/Saood_ash-Shuraym_128kbps/036062.mp3,9bb6fccce2017e01115f9fdfd09ec07645869cb13ac86f851d77590920434b33
Saood_ash-Shuraym_128kbps,36,63,449.828571,454.635102,0.0485,0,https://everyayah.com/data/Saood_ash-Shuraym_128kbps/036063.mp3,205bc01abf00be545a9913ab2a2d28babf2bcab57225fa252ed4bbe46d0c1bf0
Saood_ash-Shuraym_128kbps,36,64,454.635102,458.736327,0.0472,0,https://everyayah.com/data/Saood_ash-Shuraym_128kbps/036064.mp3,657159885347c6afb17978b8c912903e36c98ad23e1b10b8d8cca91fb201612f
Saood_ash-Shuraym_128kbps,36,65,458.736327,468.871837,0.0481,0,https://everyayah.com/data/Saood_ash-Shuraym_128kbps/036065.mp3,874dcf1f17218d6c099315fd5ea06c159b8a42087c27462f2b154c404250011b
Saood_ash-Shuraym_128kbps,36,66,468.871837,477.466122,0.047,0,https://everyayah.com/data/Saood_ash-Shuraym_128kbps/036066.mp3,ff407683b2341adccd785fb93d951cdf6378f0a86a487c52bddc98bc53cdc2dd
Saood_ash-Shuraym_128kbps,36,67,477.466122,497.71102,0.0496,0,https://everyayah.com/data/Saood_ash-Shuraym_128kbps/036067.mp3,725156188085649ea5c9e0207e7e05bc202e0758ade762eeefebda6d962546ab
Saood_ash-Shuraym_128kbps,36,68,497.71102,503.222857,0.0476,0,https://everyayah.com/data/Saood_ash-Shuraym_128kbps/036068.mp3,dc57b4d3e317f3df13ea66a1472e11a907758616c397f8e7d5fa14f100ceddf0
Saood_ash-Shuraym_128kbps,36,69,503.222857,511.242449,0.0483,0,https://everyayah.com/data/Saood_ash-Shuraym_128kbps/036069.mp3,cf76d0ff7130f3412f2fae223496c7f67148b872bfb49ebe254c62fe65fbcf95
Saood_ash-Shuraym_128kbps,36,70,511.242449,518.138776,0.046,0,https://everyayah.com/data/Saood_ash-Shuraym_128kbps/036070.mp3,72f55ff9006e8af5123ecaca0201d8f43461f1ff75b931a9a6dbc58e9835cd1a
Saood_ash-Shuraym_128kbps,36,71,518.138776,527.229388,0.033,0,https://everyayah.com/data/Saood_ash-Shuraym_128kbps/036071.mp3,818aaedaefb7a20c68a0ba0036ff2895dd6c80e6d761c041b2538eb8c53956b5
Saood_ash-Shuraym_128kbps,36,72,527.229388,532.767347,0.0477,0,https://everyayah.com/data/Saood_ash-Shuraym_128kbps/036072.mp3,6e4ef3e1f71f8cac8946a13dd07bd800621b094c1e0152ffd6bf08dc8ab1f5f0
Saood_ash-Shuraym_128kbps,36,73,532.767347,538.435918,0.0469,0,https://everyayah.com/data/Saood_ash-Shuraym_128kbps/036073.mp3,7140fec982e5bc8f43fe12c63af4b9057f3b16ec661497af95620551d993a0e9
Saood_ash-Shuraym_128kbps,36,74,538.435918,544.470204,0.0471,0,https://everyayah.com/data/Saood_ash-Shuraym_128kbps/036074.mp3,57c16c27b10befd50b639cb67a33868246f88943e1be79af792a054da42f6d18
Saood_ash-Shuraym_128kbps,36,75,544.470204,550.060408,0.0476,0,https://everyayah.com/data/Saood_ash-Shuraym_128kbps/036075.mp3,be334a079becee2c5606cc06c561f7f73f5ff76eeeba27f4ad02e71cdc800897
Saood_ash-Shuraym_128kbps,36,76,550.060408,557.400816,0.0487,0,https://everyayah.com/data/Saood_ash-Shuraym_128kbps/036076.mp3,1b2bddf8ec07f3efd49a2a499e323c27dbc90f823bb6591a6486c4620dcae027
Saood_ash-Shuraym_128kbps,36,77,557.400816,565.394286,0.0479,0,https://everyayah.com/data/Saood_ash-Shuraym_128kbps/036077.mp3,3d090e7a7abcae49db1651e5552c12852453537c29fa740a626511b04144d6ac
Saood_ash-Shuraym_128kbps,36,78,565.394286,572.447347,0.0488,0,https://everyayah.com/data/Saood_ash-Shuraym_128kbps/036078.mp3,02bde59a395483bb75d86dc899ded525c977526eb394547fe18a45997fe1c842
Saood_ash-Shuraym_128kbps,36,79,572.447347,580.022857,0.0475,0,https://everyayah.com/data/Saood_ash-Shuraym_128kbps/036079.mp3,dd70bb911f577054e898d19c9d1e816625e122240f95bd95bc06523aa4e0e8fd
Saood_ash-Shuraym_128kbps,36,80,580.022857,587.72898,0.0469,0,https://everyayah.com/data/Saood_ash-Shuraym_128kbps/036080.mp3,df49cf44cbc67ec79dd6046b963a55d2e1a0088ed869362444116009678788aa
Saood_ash-Shuraym_128kbps,36,81,587.72898,598.230204,0.0483,0,https://everyayah.com/data/Saood_ash-Shuraym_128kbps/036081.mp3,60f875dc436c47577342bdfd449ff4aab47f023e7ab6348e225d5faf6a4658d6
Saood_ash-Shuraym_128kbps,36,82,598.230204,606.066939,0.0472,0,https://everyayah.com/data/Saood_ash-Shuraym_128kbps/036082.mp3,900edb352ca8495b4bafb7adb63b3707f611bcf18d6cebd33e84ea73625288f9
Saood_ash-Shuraym_128kbps,36,83,606.066939,613.903673,0.0466,0,https://everyayah.com/data/Saood_ash-Shuraym_128kbps/036083.mp3,f048f597d049d3acab8fc18f6732287f2abafaa5d4954be687f9f6a0427eb855
Saood_ash-Shuraym_128kbps,55,1,0,1.593469,0.0495,0,https://everyayah.com/data/Saood_ash-Shuraym_128kbps/055001.mp3,e420deeaa8d40615505ce426cc23b8d06203c14b1be563d5e81b261b685aae56
Saood_ash-Shuraym_128kbps,55,2,1.593469,3.552653,0.0489,0,https://everyayah.com/data/Saood_ash-Shuraym_128kbps/055002.mp3,fd8d4031edafc1b7244881f6bbb950c50e95282eb8e3bda483813ca0fd176b34
Saood_ash-Shuraym_128kbps,55,3,3.552653,5.799184,0.046,0,https://everyayah.com/data/Saood_ash-Shuraym_128kbps/055003.mp3,aeca9e20a43fa9abe0a0983ba125ec3a6177e4f06c7e024345e133a1825944f2
Saood_ash-Shuraym_128kbps,55,4,5.799184,7.941224,0.0461,0,https://everyayah.com/data/Saood_ash-Shuraym_128kbps/055004.mp3,76442021b337a73215a56420ce0eaad529d3886c1acc69de1e76b6f45cfae6cd
Saood_ash-Shuraym_128kbps,55,5,7.941224,10.971429,0.0464,0,https://everyayah.com/data/Saood_ash-Shuraym_128kbps/055005.mp3,7956ae8ce173dc01d85e9cfddddbbbfbda329149c02392883b5a435ec988ce09
Saood_ash-Shuraym_128kbps,55,6,10.971429,13.97551,0.0456,0,https://everyayah.com/data/Saood_ash-Shuraym_128kbps/055006.mp3,8d2a392545da2c88f8d3a81f47021fa5c22a4278b096be6e3cc27f5c40b25f8b
Saood_ash-Shuraym_128kbps,55,7,13.97551,18.364082,0.0453,0,https://everyayah.com/data/Saood_ash-Shuraym_128kbps/055007.mp3,f9a48eef13ecb7e05a83cf328bde0f10e70351b1d76692c6a7601bf880e5da2c
Saood_ash-Shuraym_128kbps,55,8,18.364082,21.106939,0.0224,0,https://everyayah.com/data/Saood_ash-Shuraym_128kbps/055008.mp3,71ff51f590a67ecb6d45274752a03cc1a6d0335f2c1d25f18d1f009596da0ba7
Saood_ash-Shuraym_128kbps,55,9,21.106939,25.861224,0.0461,0,https://everyayah.com/data/Saood_ash-Shuraym_128kbps/055009.mp3,b8e90de8d1d8a954430367fc42c3e95c6e42cbf9bb7f534f4c56ea766fe49b27
Saood_ash-Shuraym_128kbps,55,10,25.861224,29.126531,0.0488,0,https://everyayah.com/data/Saood_ash-Shuraym_128kbps/055010.mp3,993b9e87b1f70fdc16534336f4f6ab82137a7dcb319ed5646a1c6de155b259e9
Saood_ash-Shuraym_128kbps,55,11,29.126531,33.697959,0.047,0,https://everyayah.com/data/Saood_ash-Shuraym_128kbps/055011.mp3,1f6bd955fe3fb028e19d2ce110aee008acd15486bd6088ee80962cb4efd16419
Saood_ash-Shuraym_128kbps,55,12,33.697959,36.728163,0.0463,0,https://everyayah.com/data/Saood_ash-Shuraym_128kbps/055012.mp3,379fc159a0110cd2b3a6ef7dcc6e527f2aa31b871e575e56efafe0a328f43805
Saood_ash-Shuraym_128kbps,55,13,36.728163,42.004898,0.0477,0,https://everyayah.com/data/Saood_ash-Shuraym_128kbps/055013.mp3,7cbc1754704aa36d38f15083535ff932ae9ea98412c5054e5064ec5b1cfc1de2
Saood_ash-Shuraym_128kbps,55,14,42.004898,47.281633,0.0479,0,https://everyayah.com/data/Saood_ash-Shuraym_128kbps/055014.mp3,ceea80a6b41436288f7fe1f8cc79a5485a8f422a848c90e703d1dd910f19bb9f
Saood_ash-Shuraym_128kbps,55,15,47.281633,53.028571,0.0462,0,https://everyayah.com/data/Saood_ash-Shuraym_128kbps/055015.mp3,9082f56c844d6a0146ca3aaa39a867996f0e9c430141c1246a930013c0a22392
Saood_ash-Shuraym_128kbps,55,16,53.028571,57.626122,0.05,0,https://everyayah.com/data/Saood_ash-Shuraym_128kbps/055016.mp3,4543cf12d9a93f818847acdaa9f9f53e65e057a29cec90ca5b0c22f8dab6b001
Saood_ash-Shuraym_128kbps,55,17,57.626122,61.44,0.0474,0,https://everyayah.com/data/Saood_ash-Shuraym_128kbps/055017.mp3,abe382f3e58b37cc8a5aa7afa5f899548482f7bb7e4eafae54b46c4216ac2680
Saood_ash-Shuraym_128kbps,55,18,61.44,66.142041,0.0341,0,https://everyayah.com/data/Saood_ash-Shuraym_128kbps/055018.mp3,a9d7471a0dda080d3d23b6206f808ef7bcbf71c095138915cf5c9f4eba52a3c8
Saood_ash-Shuraym_128kbps,55,19,66.142041,69.146122,0.0466,0,https://everyayah.com/data/Saood_ash-Shuraym_128kbps/055019.mp3,6b065be45166e5a36a06df0796db286d54f50122eee1cff28af34c60cdb9b4be
Saood_ash-Shuraym_128kbps,55,20,69.146122,72.489796,0.0472,0,https://everyayah.com/data/Saood_ash-Shuraym_128kbps/055020.mp3,75f5a41ccabe5352366a1e35cac3131a6a97e83716d8763466c093fd87bb0c3a
Saood_ash-Shuraym_128kbps,55,21,72.489796,77.322449,0.0342,0,https://everyayah.com/data/Saood_ash-Shuraym_128kbps/055021.mp3,772b5783a17437b2abc7f280bd10594e1bebf25208716efe6ac951733c383f45
Saood_ash-Shuraym_128kbps,55,22,77.322449,81.057959,0.0498,0,https://everyayah.com/data/Saood_ash-Shuraym_128kbps/055022.mp3,9128b0b292cbaf6f0fd27f9bbd2d8ad7abcbaaa24ab64b9c12e17ea6338a30e9
Saood_ash-Shuraym_128kbps,55,23,81.057959,85.942857,0.047,0,https://everyayah.com/data/Saood_ash-Shuraym_128kbps/055023.mp3,48c311ca365b1cf0a25b84f49ff2c7a710d2f3d65715447cdf515022c707d71e
Saood_ash-Shuraym_128kbps,55,24,85.942857,90.906122,0.0459,0,https://everyayah.com/data/Saood_ash-Shuraym_128kbps/055024.mp3,db02206d4d7adb8287d02ca1e5dc1bb4b243dfc7ba5400eb341cde5568724b82
Saood_ash-Shuraym_128kbps,55,25,90.906122,95.738776,0.0347,0,https://everyayah.com/data/Saood_ash-Shuraym_128kbps/055025.mp3,6fbae5b84e11e48bcfe1079ee93ba21198057c2c4a3c41755d9cf76e14a6981f
Saood_ash-Shuraym_128kbps,55,26,95.738776,98.011429,0.0337,0,https://everyayah.com/data/Saood_ash-Shuraym_128kbps/055026.mp3,d51271189819a1411ee3d327ed73c884730d133dd7c8cc647fa2f58d56c19962
Saood_ash-Shuraym_128kbps,55,27,98.011429,103.497143,0.0325,0,https://everyayah.com/data/Saood_ash-Shuraym_128kbps/055027.mp3,8fd65b40abbd8b1ee0ef52633d96e2af935d1910a228e99aebe39b1e6085d2bc
Saood_ash-Shuraym_128kbps,55,28,103.497143,110.132245,0.0465,0,https://everyayah.com/data/Saood_ash-Shuraym_128kbps/055028.mp3,1c103c22df599661632f7b191829940dea50f03e6e4b947a5768f11b966a6d15
Saood_ash-Shuraym_128kbps,55,29,110.132245,116.532245,0.0483,0,https://everyayah.com/data/Saood_ash-Shuraym_128kbps/055029.mp3,12cc80c8e92e51741e0996ecec8c32f35cca4ce4e50a986389cd310904c47367
Saood_ash-Shuraym_128kbps,55,30,116.532245,121.234286,0.0478,0,https://everyayah.com/data/Saood_ash-Shuraym_128kbps/055030.mp3,e98578f44424b0ef56a6e0e1253dd332329502731879a7cbd6396d3a0e041209
Saood_ash-Shuraym_128kbps,55,31,121.234286,124.577959,0.0461,0,https://everyayah.com/data/Saood_ash-Shuraym_128kbps/055031.mp3,b78fab200838cf293f8b505971bc59cd436c6dfeaaaa7f1ea2cdccf6a4d44914
Saood_ash-Shuraym_128kbps,55,32,124.577959,129.28,0.0476,0,https://everyayah.com/data/Saood_ash-Shuraym_128kbps/055032.mp3,0ed5ab0864d1361ae27447ee7a492fe2119162ccc9fa5f4d7880e0665995e77f
Saood_ash-Shuraym_128kbps,55,33,129.28,143.307755,0.037,0,https://everyayah.com/data/Saood_ash-Shuraym_128kbps/055033.mp3,c814b7c65dc50fa5236ee1e5289491c07db30f646109747d7803549238108e68
Saood_ash-Shuraym_128kbps,55,34,143.307755,147.800816,0.0465,0,https://everyayah.com/data/Saood_ash-Shuraym_128kbps/055034.mp3,667392955b22592d181b03cb619c3eb477ff8d4194491aada9168edb23cc273e
Saood_ash-Shuraym_128kbps,55,35,147.800816,155.245714,0.0328,0,https://everyayah.com/data/Saood_ash-Shuraym_128kbps/055035.mp3,fcabc9886e01eb6f1a5eff60bcb4ce771d29586c43438ba536b27dd644556671
Saood_ash-Shuraym_128kbps,55,36,155.245714,159.712653,0.0359,0,https://everyayah.com/data/Saood_ash-Shuraym_128kbps/055036.mp3,4fde6c7962fb77c370563ed3e309b3f18cc7c388910b17e3be95b8943d57efb7
Saood_ash-Shuraym_128kbps,55,37,159.712653,165.982041,0.0465,0,https://everyayah.com/data/Saood_ash-Shuraym_128kbps/055037.mp3,2138fa9d021de37e3d762da097bc79d11fbbd8fbeb1f02b84aaca342c4f8375c
Saood_ash-Shuraym_128kbps,55,38,165.982041,170.396735,0.0466,0,https://everyayah.com/data/Saood_ash-Shuraym_128kbps/055038.mp3,6ebcc9bb9f09be8a1f71ff73030c50971e81ba50914a07019bc59d1fa80d129e
Saood_ash-Shuraym_128kbps,55,39,170.396735,178.964898,0.033,0,https://everyayah.com/data/Saood_ash-Shuraym_128kbps/055039.mp3,fabd4203520e90516ebd0ef4f5d91a672817f479f068b7ed6580db41a988e91f
Saood_ash-Shuraym_128kbps,55,40,178.964898,183.301224,0.0333,0,https://everyayah.com/data/Saood_ash-Shuraym_128kbps/055040.mp3,a7ba997265a178c76d3b5fa5165942fc3782a013c1617594cbd2468e95c9a2b5
Saood_ash-Shuraym_128kbps,55,41,183.301224,189.962449,0.0459,0,https://everyayah.com/data/Saood_ash-Shuraym_128kbps/055041.mp3,95f3f0e7be03c5b24957f3b74ad1779b16908438c374266919e10fcdf6fef112
Saood_ash-Shuraym_128kbps,55,42,189.962449,194.716735,0.0479,0,https://everyayah.com/data/Saood_ash-Shuraym_128kbps/055042.mp3,311862726f4ee80e4c3d4ce6d727d567e4703b5314be97ebf7c395cbb229e936
Saood_ash-Shuraym_128kbps,55,43,194.716735,200.333061,0.0463,0,https://everyayah.com/data/Saood_ash-Shuraym_128kbps/055043.mp3,dd38e025609f8f9a40126a13272f5e9cd1b82b598a6d452443ff638e6d22abe1
Saood_ash-Shuraym_128kbps,55,44,200.333061,205.322449,0.049,0,https://everyayah.com/data/Saood_ash-Shuraym_128kbps/055044.mp3,ee04cdce8294bbb3eaaba244c393f5a09fcd58f3514af25990a2b7c25bb5f961
Saood_ash-Shuraym_128kbps,55,45,205.322449,211.461224,0.0336,0,https://everyayah.com/data/Saood_ash-Shuraym_128kbps/055045.mp3,c4d740aa9522e395e3bb807add61b75556e99f39785c6113285539644d252219
Saood_ash-Shuraym_128kbps,55,46,211.461224,215.771429,0.0468,0,https://everyayah.com/data/Saood_ash-Shuraym_128kbps/055046.mp3,3d251df66ee6b92387df4a9fc976af5024f7956ffee2f89caa1d59ae0004b590
Saood_ash-Shuraym_128kbps,55,47,215.771429,220.499592,0.0323,0,https://everyayah.com/data/Saood_ash-Shuraym_128kbps/055047.mp3,35b99c4dbfa701f5562ba4edf23f48a9a905cde5313d2c1773d20f324de39cf3
Saood_ash-Shuraym_128kbps,55,48,220.499592,222.798367,0.0469,0,https://everyayah.com/data/Saood_ash-Shuraym_128kbps/055048.mp3,66e8b276899d235759c5a5adaefd47ae6d378849f038301945458a3d91e2221c
Saood_ash-Shuraym_128kbps,55,49,222.798367,227.265306,0.0321,0,https://everyayah.com/data/Saood_ash-Shuraym_128kbps/055049.mp3,15397dce066058612334badf03e917a7d4caf8957022ba17cdb8a89436a353f5
Saood_ash-Shuraym_128kbps,55,50,227.265306,230.112653,0.0469,0,https://everyayah.com/data/Saood_ash-Shuraym_128kbps/055050.mp3,030d335cbc9908c7b626ce9ec1ab084e23acbbea27752204c6b7ccc90b2399f8
Saood_ash-Shuraym_128kbps,55,51,230.112653,234.919184,0.0462,0,https://everyayah.com/data/Saood_ash-Shuraym_128kbps/055051.mp3,207978c9c03cf41130fe53f1d52bb5ff6568f51985cc1d5f7bfce5d9d640de81
Saood_ash-Shuraym_128kbps,55,52,234.919184,239.699592,0.0467,0,https://everyayah.com/data/Saood_ash-Shuraym_128kbps/055052.mp3,15ff127ea8a730b868c7a5b859b30bb46576b204f240a07ef27035d092d4a816
Saood_ash-Shuraym_128kbps,55,53,239.699592,244.48,0.0329,0,https://everyayah.com/data/Saood_ash-Shuraym_128kbps/055053.mp3,59ec3e2c94e4c1af3dba0325b9d09da2c0a68b31a64dd5880cbfe9033ffbb09c
Saood_ash-Shuraym_128kbps,55,54,244.48,253.753469,0.0475,0,https://everyayah.com/data/Saood_ash-Shuraym_128kbps/055054.mp3,42897d55b2332b77fe0f82833ad246e40eb025789799011afe72c24e7f695d64
Saood_ash-Shuraym_128kbps,55,55,253.753469,258.76898,0.046,0,https://everyayah.com/data/Saood_ash-Shuraym_128kbps/055055.mp3,e4e25056ccb3cc491d73cd241f114e41809476e55d1fd94afa0673424e01cf31
Saood_ash-Shuraym_128kbps,55,56,258.76898,268.460408,0.0462,0,https://everyayah.com/data/Saood_ash-Shuraym_128kbps/055056.mp3,e2a04abd4f85f729c989341afbd97ed821569d37c6e9757c52e477a7901ffe8e
Saood_ash-Shuraym_128kbps,55,57,268.460408,273.136327,0.0485,0,https://everyayah.com/data/Saood_ash-Shuraym_128kbps/055057.mp3,cf45122dc07e7ec1a31888888e3ddf38976b3482eadaf3bc008711f4ddf0e89c
Saood_ash-Shuraym_128kbps,55,58,273.136327,277.942857,0.0477,0,https://everyayah.com/data/Saood_ash-Shuraym_128kbps/055058.mp3,3ab162a83654026a4a909592f6e7125fde6c5ecd38bb49f2ceadef622221b6fb
Saood_ash-Shuraym_128kbps,55,59,277.942857,282.644898,0.0342,0,https://everyayah.com/data/Saood_ash-Shuraym_128kbps/055059.mp3,13525dacb4fb68b8db76cf7857f320680fbe0deed316125fd7e1c9715c759756
Saood_ash-Shuraym_128kbps,55,60,282.644898,287.346939,0.0469,0,https://everyayah.com/data/Saood_ash-Shuraym_128kbps/055060.mp3,1fd5cb42c71499910bbb7850dd58cec4a4fb2483e5453e6a510727b61d62659c
Saood_ash-Shuraym_128kbps,55,61,287.346939,293.459592,0.0464,0,https://everyayah.com/data/Saood_ash-Shuraym_128kbps/055061.mp3,9f1d9c16c577f3f9a6df17f6da5004c1bca62b59ec70a19dca1363d306b85df5
Saood_ash-Shuraym_128kbps,55,62,293.459592,297.116735,0.0473,0,https://everyayah.com/data/Saood_ash-Shuraym_128kbps/055062.mp3,082eeef89445223753bcf02bfbae6d9ba64c8d0ca012bb3146345bb5843ba807
Saood_ash-Shuraym_128kbps,55,63,297.116735,301.635918,0.0338,0,https://everyayah.com/data/Saood_ash-Shuraym_128kbps/055063.mp3,4d8b78dc6f96d9aa135d9f8d8a5e73289b75ec82d1bdd6e4f77fff4bf96f8f29
Saood_ash-Shuraym_128kbps,55,64,301.635918,305.580408,0.0453,0,https://everyayah.com/data/Saood_ash-Shuraym_128kbps/055064.mp3,9236cf82901d30bcb96a2e27006a97964def899ff286d1e072222524b3835fa8
Saood_ash-Shuraym_128kbps,55,65,305.580408,310.230204,0.0338,0,https://everyayah.com/data/Saood_ash-Shuraym_128kbps/055065.mp3,32cfcea8939a1ec144c3b9b99462bb5c212bd695cd5035672b9c2299f6a8286c
Saood_ash-Shuraym_128kbps,55,66,310.230204,313.626122,0.0348,0,https://everyayah.com/data/Saood_ash-Shuraym_128kbps/055066.mp3,0e3fc24c70e7ed827d022d927c9a91fb59add9e4965285dd020d768184eef59f
Saood_ash-Shuraym_128kbps,55,67,313.626122,317.857959,0.0365,0,https://everyayah.com/data/Saood_ash-Shuraym_128kbps/055067.mp3,9e04492669839eb01b314c697bdec5d541dd21ac0c219a563b41aaf7d2b5d5a1
Saood_ash-Shuraym_128kbps,55,68,317.857959,322.377143,0.0336,0,https://everyayah.com/data/Saood_ash-Shuraym_128kbps/055068.mp3,92e4f935711376c2d43ffb52684d222363a9a29f258aed8dbfa3530dfe274785
Saood_ash-Shuraym_128kbps,55,69,322.377143,326.635102,0.0466,0,https://everyayah.com/data/Saood_ash-Shuraym_128kbps/055069.mp3,e6840b49ba46bfd586f2e66ee996f86ccc19b7ff05bf39ef07c681ad62d7c4d1
Saood_ash-Shuraym_128kbps,55,70,326.635102,329.560816,0.0364,0,https://everyayah.com/data/Saood_ash-Shuraym_128kbps/055070.mp3,e2c6c569ef69c234c412fba0af9c189a9cf5681ef7cb3570b002c0443a29bb2e
Saood_ash-Shuraym_128kbps,55,71,329.560816,334.654694,0.046,0,https://everyayah.com/data/Saood_ash-Shuraym_128kbps/055071.mp3,784cd1b39bf42d69db5cb169c4190d39ed9fbd91da7d956ab91419fe55bbf7c1
Saood_ash-Shuraym_128kbps,55,72,334.654694,338.886531,0.0328,0,https://everyayah.com/data/Saood_ash-Shuraym_128kbps/055072.mp3,44ff71c8b94355c7812f7aaf3864b10875c6b1c98b026c27f7eae6569c72c876
Saood_ash-Shuraym_128kbps,55,73,338.886531,343.745306,0.0459,0,https://everyayah.com/data/Saood_ash-Shuraym_128kbps/055073.mp3,f6c095abe42ba79cc7fd1d349774def020046c91d7903aa3f3bdb638d3f6213f
Saood_ash-Shuraym_128kbps,55,74,343.745306,350.82449,0.0322,0,https://everyayah.com/data/Saood_ash-Shuraym_128kbps/055074.mp3,37cde720400630d5b9f1418d09924890be0fcbad47e406af98f5f749b0c59b8f
Saood_ash-Shuraym_128kbps,55,75,350.82449,355.683265,0.0478,0,https://everyayah.com/data/Saood_ash-Shuraym_128kbps/055075.mp3,f4931c279287146dcf8e561553ce00af6dfc874e6070d386eca9e66c704f591a
Saood_ash-Shuraym_128kbps,55,76,355.683265,361.273469,0.0333,0,https://everyayah.com/data/Saood_ash-Shuraym_128kbps/055076.mp3,a59c8fee7531d89af45aeb84726a962c0cf157a4bec2a1446b6dc371e1264d5e
Saood_ash-Shuraym_128kbps,55,77,361.273469,366.106122,0.0343,0,https://everyayah.com/data/Saood_ash-Shuraym_128kbps/055077.mp3,d0cafae697bc4cf77e805d88acb4a76bcce26682b067817d28e7b5b98800e2fb
Saood_ash-Shuraym_128kbps,55,78,366.106122,371.617959,0.0329,0,https://everyayah.com/data/Saood_ash-Shuraym_128kbps/055078.mp3,f4d275cf6eab0e392d5427af08da0f48767ac7ed337a50c4a19c1f893d674934
Saood_ash-Shuraym_128kbps,56,1,0,2.612245,0.0494,0,https://everyayah.com/data/Saood_ash-Shuraym_128kbps/056001.mp3,f6b25ff086f546343a4b84d06255de02970b860a89e024117246da60120c756a
Saood_ash-Shuraym_128kbps,56,2,2.612245,5.564082,0.0389,0,https://everyayah.com/data/Saood_ash-Shuraym_128kbps/056002.mp3,e9d366d45ce5a0b659e3072b35ed4327025276eb6eb4c627753f5b84be66ebad
Saood_ash-Shuraym_128kbps,56,3,5.564082,7.810612,0.0491,0,https://everyayah.com/data/Saood_ash-Shuraym_128kbps/056003.mp3,13e702a7688fd3a768dd9e82add54ad5ec9e490338d5578a0902f237f90c0838
Saood_ash-Shuraym_128kbps,56,4,7.810612,10.866939,0.0534,0,https://everyayah.com/data/Saood_ash-Shuraym_128kbps/056004.mp3,63d71f6590a1127c5d5f53cf915f879d763d81562749d8ea2626f0ab144cdc65
Saood_ash-Shuraym_128kbps,56,5,10.866939,13.818776,0.0461,0,https://everyayah.com/data/Saood_ash-Shuraym_128kbps/056005.mp3,a5cc377a9bb4ec74ac405fdb91e5e759dcaebfc8022dcf02c6a4de046d9ac67d
Saood_ash-Shuraym_128kbps,56,6,13.818776,18.703673,0.0513,0,https://everyayah.com/data/Saood_ash-Shuraym_128kbps/056006.mp3,57ad0b326c233d059745ce6012830dcdbbff9c99928df722df585539c1d1ba99
Saood_ash-Shuraym_128kbps,56,7,18.703673,22.308571,0.0523,0,https://everyayah.com/data/Saood_ash-Shuraym_128kbps/056007.mp3,d762cf546be7a645eb418b8094af2dc1f7cf764e74fd27c1eca0f560fe21ee56
Saood_ash-Shuraym_128kbps,56,8,22.308571,26.98449,0.0581,0,https://everyayah.com/data/Saood_ash-Shuraym_128kbps/056008.mp3,baaf94bc4ea835ca4c5d8755694486d4c8712fc887c31e5ad021c70f4dfd5a50
Saood_ash-Shuraym_128kbps,56,9,26.98449,31.712653,0.0493,0,https://everyayah.com/data/Saood_ash-Shuraym_128kbps/056009.mp3,6b90e37ab06d5cfadd9a8d87d2e6f9dcf6a76c5697328b433228b607444fdee6
Saood_ash-Shuraym_128kbps,56,10,31.712653,35.108571,0.0581,0,https://everyayah.com/data/Saood_ash-Shuraym_128kbps/056010.mp3,05f59031cfedbb62f63b6b12f046d97a70d2f9048e54155e6fc8a3467b076b80
Saood_ash-Shuraym_128kbps,56,11,35.108571,39.235918,0.0513,0,https://everyayah.com/data/Saood_ash-Shuraym_128kbps/056011.mp3,4366f3a01a384b9134955df7935b4cc7bcfea6acb0d1f1b0dabb0bd7b9b536c3
Saood_ash-Shuraym_128kbps,56,12,39.235918,42.396735,0.0495,0,https://everyayah.com/data/Saood_ash-Shuraym_128kbps/056012.mp3,abce17ca462e485fcc410cd3c1193d0e62806add3e8054b2ad2c4f49670eaae0
Saood_ash-Shuraym_128kbps,56,13,42.396735,45.374694,0.0532,0,https://everyayah.com/data/Saood_ash-Shuraym_128kbps/056013.mp3,c41ca958fc6ecb45e9dc89ae0cd81af25c648eb6e311e9026cb4ebce02e9b30b
Saood_ash-Shuraym_128kbps,56,14,45.374694,48.718367,0.0465,0,https://everyayah.com/data/Saood_ash-Shuraym_128kbps/056014.mp3,78c9a5f386da6e6a6ba155df967af695e7e681af0bd3c1af4f4b26cb24376797
Saood_ash-Shuraym_128kbps,56,15,48.718367,51.40898,0.0479,0,https://everyayah.com/data/Saood_ash-Shuraym_128kbps/056015.mp3,e9e507f29daecd813ad8121987cffef440ca895fa3ddd0543b0c02b8d5bdca9e
Saood_ash-Shuraym_128kbps,56,16,51.40898,55.327347,0.0534,0,https://everyayah.com/data/Saood_ash-Shuraym_128kbps/056016.mp3,c19328e6ebaded67016b64f6d08d1a20612b8b044103e36bde0e7ddd4a4d1880
Saood_ash-Shuraym_128kbps,56,17,55.327347,59.794286,0.0367,0,https://everyayah.com/data/Saood_ash-Shuraym_128kbps/056017.mp3,c467722e36eeef381ccd2c4c38797cf2a9835b74364493b45e5a2c2e3335a0e3
Saood_ash-Shuraym_128kbps,56,18,59.794286,65.410612,0.0367,0,https://everyayah.com/data/Saood_ash-Shuraym_128kbps/056018.mp3,185f7c206d1d744eb2ed204ae391fa01d0955d395e2c951cbfd0920a6eaeccd0
Saood_ash-Shuraym_128kbps,56,19,65.410612,70.164898,0.0465,0,https://everyayah.com/data/Saood_ash-Shuraym_128kbps/056019.mp3,a913c905bbe1d2a0b6a565d945421378a12a1d69f8e4e2e7511f3aa23afcb621
Saood_ash-Shuraym_128kbps,56,20,70.164898,74.24,0.0409,0,https://everyayah.com/data/Saood_ash-Shuraym_128kbps/056020.mp3,696b23ae99862d29cc4d9181db54a24933d18d50e8ff0362846d0949eef8e9a1
Saood_ash-Shuraym_128kbps,56,21,74.24,78.158367,0.0401,0,https://everyayah.com/data/Saood_ash-Shuraym_128kbps/056021.mp3,b6b2536852aa591b3ff0a630d87cf9a3774429c5a977dae81d0fc91ce44cd767
Saood_ash-Shuraym_128kbps,56,22,78.158367,79.882449,0.0487,0,https://everyayah.com/data/Saood_ash-Shuraym_128kbps/056022.mp3,b3aec516fba4dea7e1a75d64be3e6ab6647971c186061784239edb78693aa5c2
Saood_ash-Shuraym_128kbps,56,23,79.882449,83.147755,0.0505,0,https://everyayah.com/data/Saood_ash-Shuraym_128kbps/056023.mp3,6ae0b4490d1d90ff65273baf002e54ba5914386f2dd342bc87f3857959897d90
Saood_ash-Shuraym_128kbps,56,24,83.147755,88.42449,0.0482,0,https://everyayah.com/data/Saood_ash-Shuraym_128kbps/056024.mp3,e2b1708b284d6ffa5c65c1048f245efcd80b865492cff76d6281d688dc5b403d
Saood_ash-Shuraym_128kbps,56,25,88.42449,93.910204,0.0552,0,https://everyayah.com/data/Saood_ash-Shuraym_128kbps/056025.mp3,244f238a0cdf77ee8cd87ec7baf32ea45a6e241ca595b8b68d4fab4623868624
Saood_ash-Shuraym_128kbps,56,26,93.910204,98.429388,0.0496,0,https://everyayah.com/data/Saood_ash-Shuraym_128kbps/056026.mp3,7e0d437b16d524e5057c039ac1c84b71396e7dde8554da38999c13d959b4157f
Saood_ash-Shuraym_128kbps,56,27,98.429388,103.47102,0.053,0,https://everyayah.com/data/Saood_ash-Shuraym_128kbps/056027.mp3,bca5bd3bf5d9c9d0b99bb4d653c2c203df263414060fdb6f77eb898ff06f5195
Saood_ash-Shuraym_128kbps,56,28,103.47102,106.004898,0.0482,0,https://everyayah.com/data/Saood_ash-Shuraym_128kbps/056028.mp3,16d6b27fe30c39070ec277320c13de92563b39a0bf5ab0d20a6fef2b22c0d043
Saood_ash-Shuraym_128kbps,56,29,106.004898,108.721633,0.0481,0,https://everyayah.com/data/Saood_ash-Shuraym_128kbps/056029.mp3,da42deb9767a422288ec26cff545310a9ee3dbd761746451f8533953f09f6d69
Saood_ash-Shuraym_128kbps,56,30,108.721633,111.046531,0.0453,0,https://everyayah.com/data/Saood_ash-Shuraym_128kbps/056030.mp3,f8721c83c6b41096925824aee87e543f73afeeecf499e4d51f9ff0859e619b1a
Saood_ash-Shuraym_128kbps,56,31,111.046531,114.285714,0.0501,0,https://everyayah.com/data/Saood_ash-Shuraym_128kbps/056031.mp3,0310ff47851f45597d42337fb7b46d69d68219dc09f460cd5a54ff76d6e5f620
Saood_ash-Shuraym_128kbps,56,32,114.285714,116.767347,0.0465,0,https://everyayah.com/data/Saood_ash-Shuraym_128kbps/056032.mp3,a1cf4d5b8176ca190303cb63952cada9d8d0991aa05f7e3410410e82f446d881
Saood_ash-Shuraym_128kbps,56,33,116.767347,120.32,0.0465,0,https://everyayah.com/data/Saood_ash-Shuraym_128kbps/056033.mp3,5dc3575f9c803b7fd79df4e2f7dc1ea9a40cebc30b12b97f2ee66d7c73bdd6e3
Saood_ash-Shuraym_128kbps,56,34,120.32,123.506939,0.0535,0,https://everyayah.com/data/Saood_ash-Shuraym_128kbps/056034.mp3,af02a1c8e0862af8140a3b744440c96367e45b31eb67041913e2160fc2c46a91
Saood_ash-Shuraym_128kbps,56,35,123.506939,130.142041,0.0527,0,https://everyayah.com/data/Saood_ash-Shuraym_128kbps/056035.mp3,ed451558d111fd92ac36cf11841d743f0a220fea8978005f74a6ae5104893d6d
Saood_ash-Shuraym_128kbps,56,36,130.142041,133.198367,0.049,0,https://everyayah.com/data/Saood_ash-Shuraym_128kbps/056036.mp3,c9dc034cecaf15c3f9344a84e05497859c5c6c7a93f05884df57038bfdf1aaae
Saood_ash-Shuraym_128kbps,56,37,133.198367,135.105306,0.0461,0,https://everyayah.com/data/Saood_ash-Shuraym_128kbps/056037.mp3,511303a9b6050fa50e0d49e44012c2ceded9671bed5cbbbde22b5a24e8ada1d2
Saood_ash-Shuraym_128kbps,56,38,135.105306,137.613061,0.046,0,https://everyayah.com/data/Saood_ash-Shuraym_128kbps/056038.mp3,023564c6d8ded4898d16037f587562b1c48b5699c74dbf36d713fcbb6fe4e1fa
Saood_ash-Shuraym_128kbps,56,39,137.613061,140.69551,0.0581,0,https://everyayah.com/data/Saood_ash-Shuraym_128kbps/056039.mp3,61d88aaa6c4817fbe7e082e959adf0c5b68cb9590b5fb1b8eb473dac13651166
Saood_ash-Shuraym_128kbps,56,40,140.69551,143.777959,0.0486,0,https://everyayah.com/data/Saood_ash-Shuraym_128kbps/056040.mp3,fd19dadde5f344e8fcea988909cf9a02f2e932cbd9fd34d7dda1608a82150eae
Saood_ash-Shuraym_128kbps,56,41,143.777959,147.957551,0.0489,0,https://everyayah.com/data/Saood_ash-Shuraym_128kbps/056041.mp3,2238ba887c30a42cc7b3a22598efdee472cb8bb15f63074fddd8bcd812332d31
Saood_ash-Shuraym_128kbps,56,42,147.957551,150.465306,0.0351,0,https://everyayah.com/data/Saood_ash-Shuraym_128kbps/056042.mp3,e717baf90c1b9d05ce64bb55f5b0bf07fbc7cd158d7ad664956a210c9cb74b11
Saood_ash-Shuraym_128kbps,56,43,150.465306,153.521633,0.046,0,https://everyayah.com/data/Saood_ash-Shuraym_128kbps/056043.mp3,836d38e79944f323d91b6f7dc32322396299d9e1b0d595d31f7b5068f4271ab9
Saood_ash-Shuraym_128kbps,56,44,153.521633,156.421224,0.0492,0,https://everyayah.com/data/Saood_ash-Shuraym_128kbps/056044.mp3,16a78a4dfc2d174c73bfd2a7d26af31d1aed1f03c5b59bca274ca930c463b960
Saood_ash-Shuraym_128kbps,56,45,156.421224,160.626939,0.048,0,https://everyayah.com/data/Saood_ash-Shuraym_128kbps/056045.mp3,248c88dc34b159b123390dcf3683c803591cdd154b18616762ea19e7c4d21d4f
Saood_ash-Shuraym_128kbps,56,46,160.626939,164.963265,0.0498,0,https://everyayah.com/data/Saood_ash-Shuraym_128kbps/056046.mp3,736ac38fdd3e1ab48bdef152cb855af63f68e89e06408d9938d08a5a0f9c460a
Saood_ash-Shuraym_128kbps,56,47,164.963265,173.949388,0.05,0,https://everyayah.com/data/Saood_ash-Shuraym_128kbps/056047.mp3,358a94b0e2855fe00ada7800f0863b4e445b1f9d0512b6597bdc59ca8d6bedcc
Saood_ash-Shuraym_128kbps,56,48,173.949388,178.02449,0.0322,0,https://everyayah.com/data/Saood_ash-Shuraym_128kbps/056048.mp3,ba48110f85bb275749c68e6301710338f0f485daf3588b68a51438d2075860b1
Saood_ash-Shuraym_128kbps,56,49,178.02449,181.342041,0.0529,0,https://everyayah.com/data/Saood_ash-Shuraym_128kbps/056049.mp3,6d2e0131ac9afb6ce65a81d8e0afd82f65e96176e7537ad61e062e6468ed98cf
Saood_ash-Shuraym_128kbps,56,50,181.342041,186.488163,0.0448,0,https://everyayah.com/data/Saood_ash-Shuraym_128kbps/056050.mp3,d5d412b6efbadf63b224e1b16b528076ebc25f84cf4e0293bb6c80d048d4f22c
Saood_ash-Shuraym_128kbps,56,51,186.488163,193.332245,0.052,0,https://everyayah.com/data/Saood_ash-Shuraym_128kbps/056051.mp3,5d1a6452e6bc5b11c51af751925561dcbac214996b0f84180be149b5a8b51faa
Saood_ash-Shuraym_128kbps,56,52,193.332245,197.564082,0.0354,0,https://everyayah.com/data/Saood_ash-Shuraym_128kbps/056052.mp3,e415a1e4510deca140e8bb4c9840d00c5dbeb4fadaca3d8db4643fc5c816fb37
Saood_ash-Shuraym_128kbps,56,53,197.564082,200.333061,0.0535,0,https://everyayah.com/data/Saood_ash-Shuraym_128kbps/056053.mp3,2e6c6325ede096e0b3cfd52403aef16b7cd831476ea658235677670da3d1048a
Saood_ash-Shuraym_128kbps,56,54,200.333061,204.068571,0.0496,0,https://everyayah.com/data/Saood_ash-Shuraym_128kbps/056054.mp3,ff614b0590c12e299e23d8a247c405ae4ed2d15e2e004753f7e6f7c93b175f92
Saood_ash-Shuraym_128kbps,56,55,204.068571,207.386122,0.0492,0,https://everyayah.com/data/Saood_ash-Shuraym_128kbps/056055.mp3,11033fd20d2c99901b64292624cf87882ded4e9f6f1730c2432b20810ab2bb5b
Saood_ash-Shuraym_128kbps,56,56,207.386122,212.610612,0.0459,0.0403,https://everyayah.com/data/Saood_ash-Shuraym_128kbps/056056.mp3,56de7419f7d12d005f52c39e6310149fac355378b1d9baaa0d4c4921e58354b2
Saood_ash-Shuraym_128kbps,56,57,212.610612,217.129796,0.1027,0,https://everyayah.com/data/Saood_ash-Shuraym_128kbps/056057.mp3,ff7d4fe081fcc54c4624463bac955222a2d3f2baef8815200d6186de27680d0c
Saood_ash-Shuraym_128kbps,56,58,217.129796,220.16,0.0495,0,https://everyayah.com/data/Saood_ash-Shuraym_128kbps/056058.mp3,821a8f24eb84f349c287ebf94c36149ce442044d74912e65e4c15a411b52dba2
Saood_ash-Shuraym_128kbps,56,59,220.16,225.358367,0.0498,0,https://everyayah.com/data/Saood_ash-Shuraym_128kbps/056059.mp3,4e5f3d32a4b35a16879be507c366c7d77f1408be87f2055a5dc797df73510055
Saood_ash-Shuraym_128kbps,56,60,225.358367,230.922449,0.053,0,https://everyayah.com/data/Saood_ash-Shuraym_128kbps/056060.mp3,35a32bcb7369530fb165759f92034deaee88e2ce9090016c79d3cd7ab45aae4e
Saood_ash-Shuraym_128kbps,56,61,230.922449,237.766531,0.0476,0,https://everyayah.com/data/Saood_ash-Shuraym_128kbps/056061.mp3,9c933daab38ef0aa5dec64e5a83b7eb026c0ead357b7fc59959ee69576bf7665
Saood_ash-Shuraym_128kbps,56,62,237.766531,243.644082,0.0504,0,https://everyayah.com/data/Saood_ash-Shuraym_128kbps/056062.mp3,2b380b0a1d82543641773201455394990799e3381841f6930a78c1072f67ec67
Saood_ash-Shuraym_128kbps,56,63,243.644082,246.804898,0.0564,0,https://everyayah.com/data/Saood_ash-Shuraym_128kbps/056063.mp3,fc2a5caa501b26705d68e77ad496698458a07b61207c62bafb21a5aa6054eb4b
Saood_ash-Shuraym_128kbps,56,64,246.804898,251.768163,0.0497,0,https://everyayah.com/data/Saood_ash-Shuraym_128kbps/056064.mp3,5cac5cb08cb2372c213152d0510532b8cce46c9d10ae34091a963062240b16c8
Saood_ash-Shuraym_128kbps,56,65,251.768163,258.063673,0.0493,0,https://everyayah.com/data/Saood_ash-Shuraym_128kbps/056065.mp3,bdbb7c541726823c6631eaa31194cd693b16b6298e5cbd122b763aaacc553efd
Saood_ash-Shuraym_128kbps,56,66,258.063673,260.466939,0.0533,0,https://everyayah.com/data/Saood_ash-Shuraym_128kbps/056066.mp3,3a263e42829526651dac2a1756f786fd2898feb742620e2db95575d4c376938e
Saood_ash-Shuraym_128kbps,56,67,260.466939,263.026939,0.0327,0,https://everyayah.com/data/Saood_ash-Shuraym_128kbps/056067.mp3,6df2c9f46f5aafe8b388248dddb56d920047340dcb9d52dbfcbfa8dfa74b6a65
Saood_ash-Shuraym_128kbps,56,68,263.026939,267.650612,0.0659,0,https://everyayah.com/data/Saood_ash-Shuraym_128kbps/056068.mp3,f11bc10f9923eac9e2705679cc96667ce6c26719e99795d75ea7fe0d510d60e0
Saood_ash-Shuraym_128kbps,56,69,267.650612,273.867755,0.038,0,https://everyayah.com/data/Saood_ash-Shuraym_128kbps/056069.mp3,56a9117991dc6908b44bbc60125fceff75a9ea6bf6e12f1447cbf814bba8d3be
Saood_ash-Shuraym_128kbps,56,70,273.867755,280.293878,0.0499,0,https://everyayah.com/data/Saood_ash-Shuraym_128kbps/056070.mp3,ce176dcf982aff17dc0ae1b7540e3f266050e71ca7b3aca559659584aff99466
Saood_ash-Shuraym_128kbps,56,71,280.293878,284.395102,0.0413,0,https://everyayah.com/data/Saood_ash-Shuraym_128kbps/056071.mp3,8c8906f82623ba9abde15c166a9560bc6c5acafacfdc2a333fdb8beda73f25e0
Saood_ash-Shuraym_128kbps,56,72,284.395102,290.716735,0.0503,0,https://everyayah.com/data/Saood_ash-Shuraym_128kbps/056072.mp3,2e3f37abff23c9c2d061d0d22ccebabf7361c7e0944f8867077a61c138d502a7
Saood_ash-Shuraym_128kbps,56,73,290.716735,296.228571,0.0503,0,https://everyayah.com/data/Saood_ash-Shuraym_128kbps/056073.mp3,70f3be285a081119c5022272ce151e88782dd7af7b15b517e372ab55c8c6e0f7
Saood_ash-Shuraym_128kbps,56,74,296.228571,299.964082,0.0385,0,https://everyayah.com/data/Saood_ash-Shuraym_128kbps/056074.mp3,3754a64f68598b4a90abbbc8eddab7ff55dd22a454405836b33efedd3d1495fa
Saood_ash-Shuraym_128kbps,56,75,299.964082,303.986939,0.0554,0,https://everyayah.com/data/Saood_ash-Shuraym_128kbps/056075.mp3,c7fe72ef73c9559c693250be2f2743ca27afda18c8af3118dab76c729910e68b
Saood_ash-Shuraym_128kbps,56,76,303.986939,308.58449,0.0498,0,https://everyayah.com/data/Saood_ash-Shuraym_128kbps/056076.mp3,d1dca5f5b42af70aefbfd898c140509e4a56951175a10729af96067758cab8be
Saood_ash-Shuraym_128kbps,56,77,308.58449,312.189388,0.0512,0,https://everyayah.com/data/Saood_ash-Shuraym_128kbps/056077.mp3,c8d2d635b9dffe7c640a36f882ebc51c7094eb38556aa3fb189ee664826c994f
Saood_ash-Shuraym_128kbps,56,78,312.189388,314.958367,0.0355,0,https://everyayah.com/data/Saood_ash-Shuraym_128kbps/056078.mp3,3492e095bc445ec313a1a4d3f159d6b5199f69940646fb14f2078ba514db9425
Saood_ash-Shuraym_128kbps,56,79,314.958367,318.458776,0.0469,0,https://everyayah.com/data/Saood_ash-Shuraym_128kbps/056079.mp3,ca282a5a3adc2b930cb0e27c9b440f61b9669e2af7f629b0188c7b26de83134c
Saood_ash-Shuraym_128kbps,56,80,318.458776,322.481633,0.0547,0,https://everyayah.com/data/Saood_ash-Shuraym_128kbps/056080.mp3,ff5006f18fe2971fee2b114f0c09416eb368e579e17d6edd8c04c3760782f5b3
Saood_ash-Shuraym_128kbps,56,81,322.481633,326.765714,0.0459,0,https://everyayah.com/data/Saood_ash-Shuraym_128kbps/056081.mp3,ea492e79672b0d7fc25861782d333bfd5168d2b309d97c6883663ce17ab15d57
Saood_ash-Shuraym_128kbps,56,82,326.765714,331.572245,0.0501,0,https://everyayah.com/data/Saood_ash-Shuraym_128kbps/056082.mp3,e1660ed8099abd0e79c9b38765f391d3fe2fd739de6557ca0c71bf200b395044
Saood_ash-Shuraym_128kbps,56,83,331.572245,335.15102,0.0394,0,https://everyayah.com/data/Saood_ash-Shuraym_128kbps/056083.mp3,0f6ad30df5b0c81f9276a2a6b343bca7ea1a2131fe4833f6bf4fccb954d3aed8
Saood_ash-Shuraym_128kbps,56,84,335.15102,339.539592,0.0372,0,https://everyayah.com/data/Saood_ash-Shuraym_128kbps/056084.mp3,6f1c7d37ee487e5b49f59e31bd62e6be2db73742e6cdf6d62d408498ab8f8edf
Saood_ash-Shuraym_128kbps,56,85,339.539592,345.129796,0.049,0,https://everyayah.com/data/Saood_ash-Shuraym_128kbps/056085.mp3,ad9f99828ed9d444025646032c3b487fea720992b4615bbbfb403be5b4d3a183
Saood_ash-Shuraym_128kbps,56,86,345.129796,349.283265,0.0426,0,https://everyayah.com/data/Saood_ash-Shuraym_128kbps/056086.mp3,9c6e55d772ade5d8f8e4cc978447dcc42c0085d2de8d0d59f7a7c06769d3bc34
Saood_ash-Shuraym_128kbps,56,87,349.283265,354.168163,0.0479,0,https://everyayah.com/data/Saood_ash-Shuraym_128kbps/056087.mp3,885f02a4c1e2610903e276dd8af19a1714259ca3870dd19221ef337ce639e494
Saood_ash-Shuraym_128kbps,56,88,354.168163,358.817959,0.0482,0,https://everyayah.com/data/Saood_ash-Shuraym_128kbps/056088.mp3,9b076c760481c3a550904067fb700e99c7bea7131243e561cc8defe94b7027b9
Saood_ash-Shuraym_128kbps,56,89,358.817959,363.493878,0.0512,0,https://everyayah.com/data/Saood_ash-Shuraym_128kbps/056089.mp3,913f29308d2bcc02b390fc31cd86f37416624db2b885a62080389d8794746020
Saood_ash-Shuraym_128kbps,56,90,363.493878,368.613878,0.0515,0,https://everyayah.com/data/Saood_ash-Shuraym_128kbps/056090.mp3,42f9e8754455c0b253c97880ffa8996d0b7721c9fb2d0e3619bcd4db981d092f
Saood_ash-Shuraym_128kbps,56,91,368.613878,372.192653,0.0343,0,https://everyayah.com/data/Saood_ash-Shuraym_128kbps/056091.mp3,78229c33e4e537318d2717d3175f737a63ab14d8228e85eef6ed0f37a682de60
Saood_ash-Shuraym_128kbps,56,92,372.192653,379.768163,0.05,0,https://everyayah.com/data/Saood_ash-Shuraym_128kbps/056092.mp3,68a2fd5a6ee9b23bf76358344e5c932001bdf7cc072af9c318271b66b7ac3fb5
Saood_ash-Shuraym_128kbps,56,93,379.768163,382.197551,0.0356,0,https://everyayah.com/data/Saood_ash-Shuraym_128kbps/056093.mp3,10c3e939a54e325888b66406e04fc5a33c10c79a08b713e3979b99513d967a6c
Saood_ash-Shuraym_128kbps,56,94,382.197551,384.496327,0.0453,0,https://everyayah.com/data/Saood_ash-Shuraym_128kbps/056094.mp3,844f32b6c73394a1e952ed8e325e2f218218c180e9fd6092f2244bc21e9d833c
Saood_ash-Shuraym_128kbps,56,95,384.496327,388.858776,0.052,0,https://everyayah.com/data/Saood_ash-Shuraym_128kbps/056095.mp3,a4f6cc179edc41905bc32c9c129094720aa59164c29a3237eeeb3696a7eee036
Saood_ash-Shuraym_128kbps,56,96,388.858776,393.613061,0.0336,0.021,https://everyayah.com/data/Saood_ash-Shuraym_128kbps/056096.mp3,c1334638f6869e2ebd2eec30b433e734e0e6114c26a4e0b1fc85a6a56faaf33d
Saood_ash-Shuraym_128kbps,67,1,0,7.079184,0.0524,0,https://everyayah.com/data/Saood_ash-Shuraym_128kbps/067001.mp3,9161012e398a2175e41af0ac6a23f009a0c90c8dfeb2a1c6839dec24796a3b33
Saood_ash-Shuraym_128kbps,67,2,7.079184,16.74449,0.0477,0,https://everyayah.com/data/Saood_ash-Shuraym_128kbps/067002.mp3,557f5ee9cb460ea4727c4b14ba95ee6d0e14e8d2530f4fe21a7c86defa0789d5
Saood_ash-Shuraym_128kbps,67,3,16.74449,30.066939,0.0519,0,https://everyayah.com/data/Saood_ash-Shuraym_128kbps/067003.mp3,4f4b78982d585e1cca891081327598bb07561e13de9a06ea4191b961f15c4266
Saood_ash-Shuraym_128kbps,67,4,30.066939,39.392653,0.0517,0,https://everyayah.com/data/Saood_ash-Shuraym_128kbps/067004.mp3,51e909f3bb6178b9fa0b09ad6a2c9246213beb4e366ef261cfd6e0ac7daa8c3f
Saood_ash-Shuraym_128kbps,67,5,39.392653,52.37551,0.0504,0,https://everyayah.com/data/Saood_ash-Shuraym_128kbps/067005.mp3,7fff87c7fb2e8663a1f839e3e5fc73683a4a5fa04196a81c030fcc77ecb77653
Saood_ash-Shuraym_128kbps,67,6,52.37551,59.08898,0.0468,0,https://everyayah.com/data/Saood_ash-Shuraym_128kbps/067006.mp3,2df279025352efbc96e704802c89b4613be43d66940590a04a40d76b50f41f6a
Saood_ash-Shuraym_128kbps,67,7,59.08898,65.358367,0.0483,0,https://everyayah.com/data/Saood_ash-Shuraym_128kbps/067007.mp3,0648cfc8de80ff48e42766e69859f6c47489783d12f0ca65d7ad505842e57c55
Saood_ash-Shuraym_128kbps,67,8,65.358367,75.62449,0.0359,0,https://everyayah.com/data/Saood_ash-Shuraym_128kbps/067008.mp3,e01fdf09ce15a1fb30b9d6746d87baaacbe2f72e0be53c49a1ea50e7607821c0
Saood_ash-Shuraym_128kbps,67,9,75.62449,88.685714,0.0484,0,https://everyayah.com/data/Saood_ash-Shuraym_128kbps/067009.mp3,5bbed3688fb6822a411c1f2c011d8c44300c1ac1f38589520562630e55873387
Saood_ash-Shuraym_128kbps,67,10,88.685714,95.79102,0.049,0,https://everyayah.com/data/Saood_ash-Shuraym_128kbps/067010.mp3,ee5e576c327909af2552372709e734830f93998cb684ecac41d050b43648c276
Saood_ash-Shuraym_128kbps,67,11,95.79102,101.433469,0.0479,0,https://everyayah.com/data/Saood_ash-Shuraym_128kbps/067011.mp3,fe15bdd95c1c35bd9831f2695c8da9d04c199d9e021df4602c347635ad17f58a
Saood_ash-Shuraym_128kbps,67,12,101.433469,109.270204,0.0465,0,https://everyayah.com/data/Saood_ash-Shuraym_128kbps/067012.mp3,8bbfb2896ab072d69420690503f27bf0fa1d1861d323a053fff0920f05d7439a
Saood_ash-Shuraym_128kbps,67,13,109.270204,116.767347,0.032,0,https://everyayah.com/data/Saood_ash-Shuraym_128kbps/067013.mp3,53d76fcb518cf66331e5c43d01e4f76fda046521d3ef0657b66a0012451c99fb
Saood_ash-Shuraym_128kbps,67,14,116.767347,121.312653,0.0358,0,https://everyayah.com/data/Saood_ash-Shuraym_128kbps/067014.mp3,297afe931f45e9327c74ec4a0869d67ca6321a3b27a899761b8511bd5cbb6c6e
Saood_ash-Shuraym_128kbps,67,15,121.312653,131.291429,0.0486,0,https://everyayah.com/data/Saood_ash-Shuraym_128kbps/067015.mp3,cabc7b4fa9a2d97162371ca62b6df08277a4047c761d6109f69da3eca9eb42ed
Saood_ash-Shuraym_128kbps,67,16,131.291429,139.467755,0.0484,0,https://everyayah.com/data/Saood_ash-Shuraym_128kbps/067016.mp3,ba3baa4bd54fa180e6726d65a501e79f0d06b7a0d3e606e6b8914f1bc503ab1c
Saood_ash-Shuraym_128kbps,67,17,139.467755,149.446531,0.0477,0,https://everyayah.com/data/Saood_ash-Shuraym_128kbps/067017.mp3,0b749f7fc48df3db7e37c0b1e9bade7ba6605def4edea1f06b9c00c8c399bcd5
Saood_ash-Shuraym_128kbps,67,18,149.446531,156.551837,0.0482,0,https://everyayah.com/data/Saood_ash-Shuraym_128kbps/067018.mp3,bc11f457308d4942931b6d82728bab0f93b7891c8b2009530e7f0e865aff4874
Saood_ash-Shuraym_128kbps,67,19,156.551837,171.31102,0.0496,0,https://everyayah.com/data/Saood_ash-Shuraym_128kbps/067019.mp3,c62e6afc08cc68859467e1a40070b34c8e2c7d29b8a5df4f1110eadb0220904a
Saood_ash-Shuraym_128kbps,67,20,171.31102,182.334694,0.0474,0,https://everyayah.com/data/Saood_ash-Shuraym_128kbps/067020.mp3,6dc439bb3955ce1f069ed8457b75d89caf2110a075dd281471fe3d93ec6bedac
Saood_ash-Shuraym_128kbps,67,21,182.334694,190.82449,0.0381,0,https://everyayah.com/data/Saood_ash-Shuraym_128kbps/067021.mp3,350c042c09a22e2a6f3b489bb615de70ffe83cab84e652ab0890cb3acd0482c5
Saood_ash-Shuraym_128kbps,67,22,190.82449,200.568163,0.0485,0,https://everyayah.com/data/Saood_ash-Shuraym_128kbps/067022.mp3,acf9f6efee7a21956122e751bca04741f5119d1509a07455e45e850e521c4a57
Saood_ash-Shuraym_128kbps,67,23,200.568163,209.789388,0.0512,0,https://everyayah.com/data/Saood_ash-Shuraym_128kbps/067023.mp3,8fe0346014566efe12e334b33ba975b05fab7956f6a6c4ca3063fecfe5df7eef
Saood_ash-Shuraym_128kbps,67,24,209.789388,214.857143,0.0471,0,https://everyayah.com/data/Saood_ash-Shuraym_128kbps/067024.mp3,30c0033bec1d45944dc842eae326d93ad5390098e7d8a07e106deb40ba17c0f2
Saood_ash-Shuraym_128kbps,67,25,214.857143,220.290612,0.0467,0,https://everyayah.com/data/Saood_ash-Shuraym_128kbps/067025.mp3,22d9af1cf7406cb87a1552d12e2b48601c32ecdc7dfd494993bf3f4f53ca7be2
Saood_ash-Shuraym_128kbps,67,26,220.290612,226.716735,0.0338,0,https://everyayah.com/data/Saood_ash-Shuraym_128kbps/067026.mp3,6b0ad759b3adedb0abc395d44c88af240f5b76b3120dc5d8bdd911ffc0fcb10b
Saood_ash-Shuraym_128kbps,67,27,226.716735,237.583673,0.0357,0,https://everyayah.com/data/Saood_ash-Shuraym_128kbps/067027.mp3,97337f2fc7e39b7ef83c6de8b5ac07f9067598f5650d84ecb5cafb70e7533116
Saood_ash-Shuraym_128kbps,67,28,237.583673,247.849796,0.0488,0,https://everyayah.com/data/Saood_ash-Shuraym_128kbps/067028.mp3,4bc0fd77be39994313a1516254ec5d609dae79d8161a163b51e1356f2eca3c48
Saood_ash-Shuraym_128kbps,67,29,247.849796,257.567347,0.0469,0,https://everyayah.com/data/Saood_ash-Shuraym_128kbps/067029.mp3,fa1c4bcb6ce4dbc51976a961f1fa54eddeba4b698864b65ce3bc0efadd7bf3a2
Saood_ash-Shuraym_128kbps,67,30,257.567347,269.714286,0.0495,0,https://everyayah.com/data/Saood_ash-Shuraym_128kbps/067030.mp3,2cbf4dfc8bcf39ebdd12028d9ad73b1709a338a75d526e6538676a88f8dc13e2
Saood_ash-Shuraym_128kbps,78,1,0,4.440816,0.0426,0,https://everyayah.com/data/Saood_ash-Shuraym_128kbps/078001.mp3,c3d268bcef795010b5ae398c818d20dfff1d08c303b2f6c09e0b9e3df516490d
Saood_ash-Shuraym_128kbps,78,2,4.440816,7.053061,0.0481,0,https://everyayah.com/data/Saood_ash-Shuraym_128kbps/078002.mp3,b41cf1e63f55f20b0e3d96c6fab113d7612c38a431f3a7c98a240127833f8c5b
Saood_ash-Shuraym_128kbps,78,3,7.053061,10.318367,0.0481,0,https://everyayah.com/data/Saood_ash-Shuraym_128kbps/078003.mp3,7a3fabd88bacf230a6386709f8e022f3e7cc25480921c31d9398574d2348701a
Saood_ash-Shuraym_128kbps,78,4,10.318367,12.512653,0.0499,0,https://everyayah.com/data/Saood_ash-Shuraym_128kbps/078004.mp3,25d8cb8cc43eda8035b9a80c2e413bc4be02fdd1d94269b2c4304e6806344c53
Saood_ash-Shuraym_128kbps,78,5,12.512653,15.412245,0.0345,0,https://everyayah.com/data/Saood_ash-Shuraym_128kbps/078005.mp3,5345bacf5d45063804ea0d0ab4f243a2b391a6d3eafc1176da24e0858c395965
Saood_ash-Shuraym_128kbps,78,6,15.412245,18.416327,0.0492,0,https://everyayah.com/data/Saood_ash-Shuraym_128kbps/078006.mp3,e0a0072fa36c56d604187ecd57e757ea4b2596fb8abbda84391b5d828d5087e7
Saood_ash-Shuraym_128kbps,78,7,18.416327,20.741224,0.0458,0,https://everyayah.com/data/Saood_ash-Shuraym_128kbps/078007.mp3,b3dd63158337c5700a664b2d5fa1d83d000a929e67d9a3368d2955d255f40b6d
Saood_ash-Shuraym_128kbps,78,8,20.741224,23.536327,0.0467,0,https://everyayah.com/data/Saood_ash-Shuraym_128kbps/078008.mp3,5158fab4fac5a1905c87f88633c0582c351b2d7050d562c4bdf9fdfb754032f7
Saood_ash-Shuraym_128kbps,78,9,23.536327,26.644898,0.0473,0,https://everyayah.com/data/Saood_ash-Shuraym_128kbps/078009.mp3,03a2f3bab55449a98d3797401fc50a60bc464239eb0bf9308d60cc31bfdbdcc7
Saood_ash-Shuraym_128kbps,78,10,26.644898,29.361633,0.0472,0,https://everyayah.com/data/Saood_ash-Shuraym_128kbps/078010.mp3,1c38a547e51762f425866c856359c4c1b5cbba3895e9a67dcebb5a828112e21d
Saood_ash-Shuraym_128kbps,78,11,29.361633,32.600816,0.0464,0,https://everyayah.com/data/Saood_ash-Shuraym_128kbps/078011.mp3,3f24bdaef869f4bfa401c2b2bbded16e73494525a3997aa62858f8ca1ca15d65
Saood_ash-Shuraym_128kbps,78,12,32.600816,36.571429,0.049,0,https://everyayah.com/data/Saood_ash-Shuraym_128kbps/078012.mp3,287db494881180a421648f798cc87ebca5bccd08bd41fc046e2f637b42c2b285
Saood_ash-Shuraym_128kbps,78,13,36.571429,40.228571,0.0483,0,https://everyayah.com/data/Saood_ash-Shuraym_128kbps/078013.mp3,18628a0dbea894728c51e7d83710b87dc867a9cff607d763774f3d25082b75b3
Saood_ash-Shuraym_128kbps,78,14,40.228571,45.97551,0.0483,0,https://everyayah.com/data/Saood_ash-Shuraym_128kbps/078014.mp3,d7d3fbbe8bcc67f9aafa393b8c719da89b5c28dcbca6ccd74d06106b4b28e8bb
Saood_ash-Shuraym_128kbps,78,15,45.97551,49.475918,0.0321,0,https://everyayah.com/data/Saood_ash-Shuraym_128kbps/078015.mp3,409db306b9109c904f8baf93d047f2e5822150b233ac6f607e1576f77288d3dd
Saood_ash-Shuraym_128kbps,78,16,49.475918,52.401633,0.0482,0,https://everyayah.com/data/Saood_ash-Shuraym_128kbps/078016.mp3,cf3068fbb2d0bfc26b14d6a6b529e717e23be0b25dff1719fec63abbf19a13d8
Saood_ash-Shuraym_128kbps,78,17,52.401633,56.032653,0.0483,0,https://everyayah.com/data/Saood_ash-Shuraym_128kbps/078017.mp3,77982b9cae840fe2034105f84c8e98625a1ad73027990cc17ae8798d27b0e98d
Saood_ash-Shuraym_128kbps,78,18,56.032653,60.656327,0.046,0,https://everyayah.com/data/Saood_ash-Shuraym_128kbps/078018.mp3,44f03dab83b97b66b8f1aad2474d48720b046e436b6a67f24f286bb785e6d698
Saood_ash-Shuraym_128kbps,78,19,60.656327,66.168163,0.0473,0,https://everyayah.com/data/Saood_ash-Shuraym_128kbps/078019.mp3,ad5425c1d9ed876252ef10cf35a7a43429183415801b1bac0fe65daa927d08e6
Saood_ash-Shuraym_128kbps,78,20,66.168163,70.060408,0.046,0,https://everyayah.com/data/Saood_ash-Shuraym_128kbps/078020.mp3,02fbac49eb52fb32d73085feb8f6c0b2cc702bfcc2a49117a3a34b715caf1d03
Saood_ash-Shuraym_128kbps,78,21,70.060408,73.978776,0.0489,0,https://everyayah.com/data/Saood_ash-Shuraym_128kbps/078021.mp3,570f84c8ec3c3bd870da427a12ece2d3ed46e7bf51a86dfac4b04b71b06c2cba
Saood_ash-Shuraym_128kbps,78,22,73.978776,76.303673,0.0447,0,https://everyayah.com/data/Saood_ash-Shuraym_128kbps/078022.mp3,83fc6a555502cdb399197760f7d00629d86df91e06bcf4983b2ef7d85d0e8e45
Saood_ash-Shuraym_128kbps,78,23,76.303673,79.412245,0.0466,0,https://everyayah.com/data/Saood_ash-Shuraym_128kbps/078023.mp3,c3137eaf7f15771ca0b71658d65939c5a4dbc571fc44c3390080632600f9642a
Saood_ash-Shuraym_128kbps,78,24,79.412245,84.062041,0.049,0,https://everyayah.com/data/Saood_ash-Shuraym_128kbps/078024.mp3,412b7fb917285f874145f6a2d3e7ffb76b5e0baa2b9d11c4d734e3f43e458a4e
Saood_ash-Shuraym_128kbps,78,25,84.062041,87.275102,0.0455,0,https://everyayah.com/data/Saood_ash-Shuraym_128kbps/078025.mp3,ec87625690ba7493a7133a4e5c9617375f3fc8d607ead64ce0dbfd33e6d857ad
Saood_ash-Shuraym_128kbps,78,26,87.275102,90.88,0.0467,0,https://everyayah.com/data/Saood_ash-Shuraym_128kbps/078026.mp3,89a23e899d75790bc6bdf2ce8046ba2d0e340c322d2f1a15927130aa263a6025
Saood_ash-Shuraym_128kbps,78,27,90.88,95.216327,0.0464,0,https://everyayah.com/data/Saood_ash-Shuraym_128kbps/078027.mp3,dc28171c95d16acee71b607e1a020f4001777a2249d60e3012eb9c06f3c2368b
Saood_ash-Shuraym_128kbps,78,28,95.216327,98.925714,0.0458,0,https://everyayah.com/data/Saood_ash-Shuraym_128kbps/078028.mp3,7cdf604336ff9d215ca7331f02eb441fb36ce69caa8099283ebcd3e5617d9e10
Saood_ash-Shuraym_128kbps,78,29,98.925714,102.661224,0.0455,0,https://everyayah.com/data/Saood_ash-Shuraym_128kbps/078029.mp3,21bf60ac0ae0d2d5cc9375be5ffa997cc719c256559977ddefc8330dd905504b
Saood_ash-Shuraym_128kbps,78,30,102.661224,107.755102,0.0475,0,https://everyayah.com/data/Saood_ash-Shuraym_128kbps/078030.mp3,95c56dbd8ac50f11c3bdcee3c884b0d060e3a3fe229f366abc52d49ad4a0b240
Saood_ash-Shuraym_128kbps,78,31,107.755102,110.863673,0.0315,0,https://everyayah.com/data/Saood_ash-Shuraym_128kbps/078031.mp3,cd9bfa48b8830e57f34217b8fe4d9d5d7d26d93a6489f9f285b62a1df9050b2f
Saood_ash-Shuraym_128kbps,78,32,110.863673,114.155102,0.0495,0,https://everyayah.com/data/Saood_ash-Shuraym_128kbps/078032.mp3,51e3970d5c645d755bc27670641d71dd957d40f705032fabc03f80342db381ec
Saood_ash-Shuraym_128kbps,78,33,114.155102,116.401633,0.0457,0,https://everyayah.com/data/Saood_ash-Shuraym_128kbps/078033.mp3,498de5be76841372c80d427329c7bf2099871ec593fab2252d08a4efae56439f
Saood_ash-Shuraym_128kbps,78,34,116.401633,118.778776,0.0475,0,https://everyayah.com/data/Saood_ash-Shuraym_128kbps/078034.mp3,b3576c126587e88ebf241d8044140cc4aa6b38ffb10993f9216c8d5d24d2cd86
Saood_ash-Shuraym_128kbps,78,35,118.778776,123.715918,0.0463,0,https://everyayah.com/data/Saood_ash-Shuraym_128kbps/078035.mp3,db001c1e5971a516735ca2045b51f3c675f4c90c9c6d6d0de4c1ffe4421bf4a8
Saood_ash-Shuraym_128kbps,78,36,123.715918,129.750204,0.0482,0,https://everyayah.com/data/Saood_ash-Shuraym_128kbps/078036.mp3,9bbd695f77a7ef592f986dec7d6fe3003b7e2d6396d92d0d30e614a5de8adfd0
Saood_ash-Shuraym_128kbps,78,37,129.750204,137.456327,0.0474,0,https://everyayah.com/data/Saood_ash-Shuraym_128kbps/078037.mp3,82e83bbc051ecd84d06dca8de5f2f7cec817a7f7cb58d3f05ba8ec088a822949
Saood_ash-Shuraym_128kbps,78,38,137.456327,148.976327,0.0322,0,https://everyayah.com/data/Saood_ash-Shuraym_128kbps/078038.mp3,e0b1a738f069f6685280555bc10924e6468a6284b40b242db23390fde37a3112
Saood_ash-Shuraym_128kbps,78,39,148.976327,156.604082,0.0374,0,https://everyayah.com/data/Saood_ash-Shuraym_128kbps/078039.mp3,81927ff1d918623abc88f03b309d6bd0b088b08b499b1cb9ab29b28a0dc6dcf9
Saood_ash-Shuraym_128kbps,78,40,156.604082,170.879637,0,0,https://everyayah.com/data/Saood_ash-Shuraym_128kbps/078040.mp3,b13ddfc3c87cdfc3a116c70ae30f395d9b0aa7d30378867f9b530ee7d80bc67b
Saood_ash-Shuraym_128kbps,93,1,0,0.940408,0.034,0,https://everyayah.com/data/Saood_ash-Shuraym_128kbps/093001.mp3,7751cce6e926184d76cfcaa672efeb20e7fbcd2c44746da1f2574ebd50df7b53
Saood_ash-Shuraym_128kbps,93,2,0.940408,2.795102,0.0499,0,https://everyayah.com/data/Saood_ash-Shuraym_128kbps/093002.mp3,e1841911a9c26d4abe279bb4bf84722e9e9da8a91e0cc9a9db88863913316f41
Saood_ash-Shuraym_128kbps,93,3,2.795102,5.616327,0.0522,0,https://everyayah.com/data/Saood_ash-Shuraym_128kbps/093003.mp3,93db51ee72acb44295186b6d82ae2d9b469c01006e0010f291fa9c9b58a9b15a
Saood_ash-Shuraym_128kbps,93,4,5.616327,8.96,0.0453,0,https://everyayah.com/data/Saood_ash-Shuraym_128kbps/093004.mp3,974c3b38700db51e70bc45c4a9a8fae4ceca8599c90d9d509f0713a18e8af9f4
Saood_ash-Shuraym_128kbps,93,5,8.96,12.225306,0.0456,0,https://everyayah.com/data/Saood_ash-Shuraym_128kbps/093005.mp3,5f70d2bfb4296ef4b586db393ae86f4a40b3817c94e9a563f8e1196fdd0d2b92
Saood_ash-Shuraym_128kbps,93,6,12.225306,15.281633,0.0456,0,https://everyayah.com/data/Saood_ash-Shuraym_128kbps/093006.mp3,2bcd71e3c0e6dae11b7a30baea3a126e1584cb9906e247846d93f1b7a3f7517d
Saood_ash-Shuraym_128kbps,93,7,15.281633,19.565714,0.0451,0,https://everyayah.com/data/Saood_ash-Shuraym_128kbps/093007.mp3,03f799d8553c6c4ff9c379c997d43cdb3f46da8c78956a474ef8ed88e4658fbf
Saood_ash-Shuraym_128kbps,93,8,19.565714,22.987755,0.0452,0,https://everyayah.com/data/Saood_ash-Shuraym_128kbps/093008.mp3,a8ee850e14bfab066a4d4ca2ae0183819407e505ebe7f5a2d6d4dcecf4f8d9db
Saood_ash-Shuraym_128kbps,93,9,22.987755,25.939592,0.0453,0,https://everyayah.com/data/Saood_ash-Shuraym_128kbps/093009.mp3,b69dc219fc238ff35d9c3ae22092c98ce713167004ff4d450b50b1f7b1b3dd3e
Saood_ash-Shuraym_128kbps,93,10,25.939592,29.44,0.0456,0,https://everyayah.com/data/Saood_ash-Shuraym_128kbps/093010.mp3,4da28f6cedf55d7b8210449097d59208a423141054e2e0d45c94de86f396dea0
Saood_ash-Shuraym_128kbps,93,11,29.44,33.619592,0.0453,0,https://everyayah.com/data/Saood_ash-Shuraym_128kbps/093011.mp3,d3bf7150d3c658c2c5d31591c756c989c268aaeb6ad169d9b199f233cebcf9ec
Saood_ash-Shuraym_128kbps,103,1,0,0.809796,0.0612,0,https://everyayah.com/data/Saood_ash-Shuraym_128kbps/103001.mp3,d59088da69e504e2b723142d213068c0aba2646bd4e4c6a8e8fbb20c513ac327
Saood_ash-Shuraym_128kbps,103,2,0.809796,3.94449,0.0448,0,https://everyayah.com/data/Saood_ash-Shuraym_128kbps/103002.mp3,1adaa3068baf181060b6ed536e3009c2a6a1cc5379d680127067cfc276bfeb7c
Saood_ash-Shuraym_128kbps,103,3,3.94449,12.225306,0.048,0,https://everyayah.com/data/Saood_ash-Shuraym_128kbps/103003.mp3,8e05be64105de3a47cd5cc6e7f73e98f62f83ce641e8bdc08341fdb558449daa
Saood_ash-Shuraym_128kbps,112,1,0,2.011429,0.032,0,https://everyayah.com/data/Saood_ash-Shuraym_128kbps/112001.mp3,4e1ae948d0aa551ef1d97caf50ec17f35246264a907e48debec2fefbc0c404ec
Saood_ash-Shuraym_128kbps,112,2,2.011429,3.73551,0.0467,0,https://everyayah.com/data/Saood_ash-Shuraym_128kbps/112002.mp3,806f7dd68a6ec6035c7c05a1787f23d15c453f054bc88f7287912a6b21fd6389
Saood_ash-Shuraym_128kbps,112,3,3.73551,5.955918,0.0467,0,https://everyayah.com/data/Saood_ash-Shuraym_128kbps/112003.mp3,5703a3b7a8aaca5b958e71da38256293cc973e44041807734fd630f0c33c8149
Saood_ash-Shuraym_128kbps,112,4,5.955918,9.221224,0.0466,0,https://everyayah.com/data/Saood_ash-Shuraym_128kbps/112004.mp3,982bcc7e14df4ff70f8c0e3f21375fd1e52ee87afc2d009485f0e6276e5dfced
